group;cluster;length;end to end distance;ratio
Mutant;1;11.335812583853;7.23403731660115;0.63815780854612
Mutant;1;10.2021294481472;7.53304816780656;0.738379982933329
Mutant;1;8.80530801613443;8.29608143712886;0.942168226475157
Mutant;1;9.71685818296438;7.38009017055171;0.759514035461638
Mutant;1;10.0884059581241;6.73010568423119;0.667112892975078
Mutant;1;10.8515561291462;7.94935603847991;0.732554478258537
Mutant;1;10.376726709839;9.45884026958533;0.911543739570268
Mutant;1;9.91696829942059;9.28200070677293;0.935971602058589
Mutant;1;9.92843896229018;9.29435840020095;0.936134918641534
Mutant;1;10.2909841146571;9.52094308946934;0.925173237407779
Mutant;1;10.881011675476;9.73428920021333;0.894612513113353
Mutant;1;9.79726230905955;5.46695955682042;0.558008899258021
Mutant;1;9.81101878995081;7.00006279978209;0.713489898414228
Mutant;1;9.36683096387534;8.26915102594221;0.882812026589729
Mutant;1;8.60405753844391;2.24112002005651;0.260472458493324
Mutant;1;10.6456798024261;8.68473647717202;0.815799144662681
Mutant;1;11.7619675637955;9.68899885701902;0.823756638034158
Mutant;1;9.2365008726735;4.56438146605792;0.49416781625191
Mutant;1;10.0753246806387;3.60173581676237;0.357480868451183
Mutant;1;12.6981304021412;9.04051207038993;0.711956152920391
Mutant;1;10.1560674758575;3.10458291157152;0.30568750345068
Mutant;1;8.89927721358142;7.31112135627771;0.821541028648935
Mutant;1;8.70790331529483;6.32615506055147;0.726484301845659
Mutant;1;8.9666627128962;6.26139391883924;0.6982970274809
Mutant;1;9.03637933621499;7.79125359852322;0.862209664804387
Mutant;1;9.34541678117123;8.33019922689765;0.89136733245338
Mutant;1;8.55380272669375;2.10338542105506;0.245900623180267
Mutant;1;8.80561983629932;7.30385427123099;0.829453736024621
Mutant;1;9.56395843844056;1.95490992870924;0.204403850277292
Mutant;1;9.02501579428644;6.83559429139698;0.75740524417968
Mutant;1;9.03212298394734;6.57378412731587;0.727822698937931
Mutant;1;8.64039344804427;7.19098456954824;0.832251981670569
Mutant;1;8.78677202092392;5.50560490062245;0.626578780866508
Mutant;1;9.21699628058732;6.21271753874107;0.674050129739793
Mutant;1;8.01348761968082;7.62231812996091;0.951186111680111
Mutant;1;9.53024024659686;7.4570850218637;0.782465586271715
Mutant;1;10.3129036245905;5.7509221558205;0.557643352945506
Mutant;1;8.72828733209609;7.68287827159984;0.880227469522913
Mutant;1;10.0409417702221;8.46396297303203;0.842945130718031
Mutant;1;10.9996843692396;7.48982832523992;0.680913022030442
Mutant;2;10.1120861041631;7.43962874720406;0.735716514927736
Mutant;2;8.36457679306572;5.09870878397719;0.609559683665532
Mutant;2;8.44174279622903;4.78156494681344;0.566419169860208
Mutant;2;8.43716209549927;3.73699375829315;0.44292070200792
Mutant;2;8.98101307381073;6.44483568726041;0.717606759314716
Mutant;2;9.02540869834049;6.07644128740706;0.673259404698685
Mutant;2;8.18541104946251;3.62936751665656;0.443394656019734
Mutant;2;8.80561983629932;7.30385427123099;0.829453736024621
Mutant;2;9.01663071739177;6.0372589087214;0.669569276811615
Mutant;2;8.88801270592706;8.45129684899689;0.950864622792568
Mutant;2;8.96416092865657;6.11857007955504;0.682559151743387
Mutant;2;8.63670426150163;2.45980862551722;0.284808713027479
Mutant;2;8.27672227066635;5.77225800289958;0.697408685967043
Mutant;2;8.60058952649852;7.10901407386215;0.826572882237804
Mutant;2;7.64931103405735;4.90011557898068;0.640595676808498
Mutant;2;8.91777443595962;7.55426434044473;0.847101975351974
Mutant;2;8.13487677089738;2.20374881813631;0.270901315434826
Mutant;2;7.53584418241191;5.91869301934042;0.785405440462026
Mutant;2;9.41015827070258;5.7565549697326;0.611738379327259
Mutant;2;10.8505810704604;4.51008783012582;0.415654037404881
Mutant;2;9.89726831645327;5.23463166436359;0.52889661035677
Mutant;2;8.18578924908456;7.03954934618219;0.859971974842797
Mutant;2;7.80228940861998;4.66132350975687;0.597430224083592
Mutant;2;8.15662505298491;5.51794427382735;0.676498458367663
Mutant;2;8.74907656815551;3.08248530781074;0.352321217421988
Mutant;2;8.75881325810381;7.59236903724838;0.866826225598974
Mutant;2;8.14513198176985;5.76849698958092;0.708214059943015
Mutant;2;8.75575750327005;6.79083811453917;0.775585449003466
Mutant;2;8.96022648592395;5.16602756226183;0.576551002407963
Mutant;2;8.50680036965944;6.27381603603398;0.737505967391726
Mutant;2;8.30075148344622;6.28445416264362;0.757094604648314
Mutant;2;8.04485333174262;6.03644381015354;0.750348522369639
Mutant;2;8.23301484153708;2.69840910011085;0.327754674569136
Mutant;2;8.57118702121792;7.02587159045617;0.819708118964581
Mutant;2;7.55231452897281;5.23241246703171;0.69282237212959
Mutant;2;8.69531926908805;3.56070158605253;0.409496359577141
Mutant;2;7.66559056985191;7.04883180624974;0.919541911613721
Mutant;2;7.51647683439596;4.50560950687575;0.599431037458633
Mutant;2;8.93053063819636;7.08467669618275;0.793309712849672
Mutant;2;10.4321903595598;8.94561643576846;0.857501265548799
Mutant;2;9.28801292370731;5.71031523212685;0.614804832748616
Mutant;2;6.65103049819654;2.78901630825263;0.419335967412702
Mutant;2;7.80188744371836;6.44753401825481;0.826406951493001
Mutant;2;8.13585679503569;7.1364541211959;0.877160734386377
Mutant;2;8.06590802284481;3.41380524720331;0.423238801822994
Mutant;2;8.72126037009204;4.14106281667799;0.474823894821327
Mutant;2;7.89504173446776;6.08256495579719;0.770428474018351
Mutant;2;8.1923074649243;5.25965963874423;0.642024199075007
Mutant;2;8.51954199311158;7.43088591265529;0.872216595523971
Mutant;2;8.05471421105084;4.98655900477674;0.619085776865344
Mutant;2;8.04782001282288;3.8656752958998;0.480338189688696
Mutant;2;7.80375445846823;4.46370241528039;0.571994216250181
Mutant;2;8.18751069965482;5.19915649214572;0.635010650106987
Mutant;2;7.82443518608446;2.70550648549957;0.34577658593316
Mutant;2;7.34498530902889;6.42651453497169;0.874952673774832
Mutant;2;8.37088689598911;7.35620870317495;0.878784864086464
Mutant;2;7.39644790119633;6.09853675637312;0.824522370445781
Mutant;2;7.50813295989721;6.3103562553077;0.840469433481383
Mutant;2;8.49753303051078;7.77658900010526;0.915158431533372
Mutant;2;10.0151298657929;4.84836447340699;0.48410400447894
Mutant;2;8.98671846287328;6.25028633224671;0.695502630695335
Mutant;2;6.47509703083628;6.17671618522231;0.95391870667065
Mutant;2;7.16882423758472;5.96000316590503;0.831378057040082
Mutant;2;7.71550105693712;5.46149429831955;0.707859963729646
Mutant;2;8.06064742034073;6.75104500563897;0.83753136114141
Mutant;2;8.13102874940385;1.66089098351212;0.204265786618194
Mutant;2;7.72846919905991;3.72434569096223;0.481899532111128
Mutant;2;8.1923074649243;5.25965963874423;0.642024199075007
Mutant;2;8.31731554594648;7.09005738823563;0.852445401291892
Mutant;2;7.83982518984082;7.16209430270015;0.913552806251484
Mutant;2;7.95415098262624;5.61743070421134;0.706226310825775
Mutant;2;7.42105694505097;6.5920070045766;0.888284115509011
Mutant;2;8.14819271441145;5.77990840064528;0.709348514845818
Mutant;2;7.72813464049807;4.89441334908733;0.633324026659541
Mutant;2;7.00332473114374;6.32037961961252;0.902482729596392
Mutant;2;7.86839870121448;7.18025347712615;0.912543167902497
Mutant;2;7.2749007046524;4.44592357760566;0.611131857066095
Mutant;2;7.48576456613793;6.27664894195158;0.83847800535221
Mutant;2;7.77483880721287;6.36450676353462;0.81860305034622
Mutant;2;9.20758808242484;2.50764251998344;0.272345211094961
Mutant;3;8.61670496864122;4.06185506678819;0.471393076770123
Mutant;3;6.43394719907311;4.3583484811076;0.6773988573819
Mutant;3;7.00130121576642;6.49288494773517;0.927382603267185
Mutant;3;7.53521519475015;7.12874440635726;0.94605717582212
Mutant;3;8.01760130802198;3.27008562804786;0.407863337476757
Mutant;3;8.01307219326739;4.40966138766889;0.550308456146683
Mutant;3;7.59298985765693;4.39645788334758;0.579015376783903
Mutant;3;7.77579116983801;4.92402716003781;0.633250951895148
Mutant;3;8.05255705886504;5.37360285933908;0.667316334433582
Mutant;3;7.62577243934573;6.85919870510614;0.899475923214755
Mutant;3;7.76175715231689;4.99961178946177;0.644134013902945
Mutant;3;7.33208659963372;5.68566276587963;0.775449483393127
Mutant;3;7.7714089811765;7.32166401185535;0.942128258799595
Mutant;3;7.68627674118529;6.8251876527516;0.88797058479306
Mutant;3;6.78694994004307;4.65662080878086;0.686113917137763
Mutant;3;7.76633795155851;6.94695388841252;0.894495440675286
Mutant;3;7.26626797473049;1.66343053233543;0.228925018746935
Mutant;3;6.84614129584971;4.2083157902623;0.614698938921035
Mutant;3;7.39333401118352;4.30851617996939;0.582756869019053
Mutant;3;8.95472710784781;3.69657091119567;0.4128066513558
Mutant;3;8.29831869397347;7.93749578380599;0.956518552314757
Mutant;3;6.35432362893942;2.74692771042326;0.432292698771741
Mutant;3;6.7168029767146;5.85752461105517;0.872070333365692
Mutant;3;7.53446366248756;5.15011932449521;0.683541597013271
Mutant;3;7.95130122910963;7.42822869080502;0.934215479550737
Mutant;3;7.02602050532637;1.64576645410494;0.234238777535206
Mutant;3;7.56249108912856;4.29252784615196;0.567607656731348
Mutant;3;7.51364727608234;1.83512368300619;0.244238731946841
Mutant;3;7.29719434590062;5.80041435690961;0.794882811387384
Mutant;3;7.57656124407257;4.25059180368073;0.561018602866325
Mutant;3;7.3504224608661;4.27825382056629;0.58204189532559
Mutant;3;7.15192010782612;3.06386623332252;0.428397715177191
Mutant;3;7.02995435619663;5.47962873608771;0.779468607965801
Mutant;3;7.14663441597839;7.01042844757366;0.980941243041592
Mutant;3;6.76409336698659;6.15941844705887;0.910605178385185
Mutant;3;7.74216787152933;5.23900360013018;0.676684319826728
Mutant;3;7.15745550975783;5.33661853090749;0.745602752770454
Mutant;3;6.70541915392538;4.00298025696405;0.59697688765969
Mutant;3;7.37289150911843;4.0194363271516;0.545164176385962
Mutant;3;8.8097368392956;8.13294022426885;0.92317629602647
Mutant;3;8.22272926708909;3.4084585237613;0.414516690632564
Mutant;3;6.29261664685915;5.90389623749377;0.938225950954854
Mutant;3;6.70597148634244;6.19407420972206;0.923665455830984
Mutant;3;7.53154989643068;2.52491500926269;0.335245074916025
Mutant;3;7.51671993553262;7.14709151188495;0.950825835361993
Mutant;3;6.67126788004748;4.84382541254036;0.726072689574847
Mutant;3;7.43825071529102;4.78205167201537;0.642900038605149
Mutant;3;7.29756326883281;5.58939915116857;0.765926782031525
Mutant;3;6.74425520304031;5.51119432653576;0.817168710349412
Mutant;3;7.43969089752188;5.0376160512055;0.677127063556296
Mutant;3;7.29857497397783;6.85545742980554;0.939287114847463
Mutant;3;7.12699773715643;6.70111960353686;0.940244384897266
Mutant;3;7.0026248544364;6.02780131414905;0.860791694464431
Mutant;3;6.99370608654768;6.27427780827571;0.897132039955786
Mutant;3;6.75792609704982;4.63240021219602;0.685476601204369
Mutant;3;7.57546130424602;6.18992307028746;0.817101800364029
Mutant;3;6.95338737524147;5.73402396203068;0.824637497178352
Mutant;3;6.63329215203386;5.89062518983037;0.888039461374277
Mutant;3;7.14789315678245;3.30144183642604;0.461876214992579
Mutant;3;8.76405440970069;4.06038122254585;0.463299408325389
Mutant;3;8.05700804985838;7.07930225855522;0.878651506210132
Mutant;3;6.16342556591516;2.9424779063097;0.477409498150205
Mutant;3;6.39329156145635;5.49041798400759;0.858777975512337
Mutant;3;6.95173193720579;5.89289998253924;0.8476880345458
Mutant;3;7.44105468491269;3.96589211376721;0.532974461511264
Mutant;3;6.65067567366174;3.67877245092993;0.553142662707
Mutant;3;7.24383518081086;2.78624364732824;0.384636532690457
Mutant;3;7.24405918235271;4.66114611045505;0.643443957748177
Mutant;3;6.74106124136382;5.03477982589001;0.746882374394718
Mutant;3;6.7569495939725;5.38325002206856;0.796698265571
Mutant;3;7.13279182007459;6.37213133925569;0.89335725757787
Mutant;3;6.9224305472925;6.14694789409322;0.887975379759846
Mutant;3;6.53021635919177;3.58964885215757;0.549698303197087
Mutant;3;6.52990629428566;3.88317179029656;0.59467496397226
Mutant;3;6.50234537694767;4.71309024182192;0.724829268302315
Mutant;3;7.57542752737453;3.97105831238234;0.524202534844738
Mutant;3;6.85158022516054;5.35150136758219;0.781060892774819
Mutant;3;6.39054684608904;5.64175147099737;0.882827652605359
Mutant;3;7.0903311794469;6.09862736337064;0.860132934417653
Mutant;3;8.37753843626301;5.47885128764278;0.65399297530251
Mutant;3;8.0531182680196;6.16056919309612;0.764991769406997
Mutant;3;6.15586335746366;4.54158267524889;0.737765348501841
Mutant;3;6.09957240040811;3.97371587290598;0.651474498874726
Mutant;3;6.865398560066;5.50075069735404;0.801228166031071
Mutant;3;6.51288064087254;3.24395009256458;0.498082226811696
Mutant;3;5.99765500780943;4.1991576551911;0.700133243696655
Mutant;3;6.60460221109048;5.07687073608005;0.768686829852515
Mutant;3;6.80767543584527;4.48275842703631;0.658485920676051
Mutant;3;6.36068083588676;4.20405802234849;0.660944658412875
Mutant;3;6.34605117726469;4.95027589477536;0.780056094175568
Mutant;3;6.91576151752491;4.13837538150127;0.598397641534401
Mutant;3;6.87860962803864;5.58331831837233;0.811692859500787
Mutant;3;6.4498405772637;4.13963728941486;0.641820094593885
Mutant;3;6.52119649462215;5.97407617426968;0.916101236820013
Mutant;3;5.85722293530206;2.67581003438452;0.456839369773199
Mutant;3;7.51757733792047;6.51576827138389;0.866737777144876
Mutant;3;6.47678185734705;6.28550355116978;0.970467076027844
Mutant;3;6.30423363231032;6.02307158747851;0.955401074701483
Mutant;3;6.87990737374902;2.28961641735273;0.332797564410385
Mutant;3;8.2536442826214;5.17121063371055;0.626536649343961
Mutant;4;7.93779148446226;2.49303404816319;0.314071496214426
Mutant;4;5.69339683039959;5.40029107918879;0.94851829936642
Mutant;4;5.86124368649154;5.60828041875662;0.95684136656561
Mutant;4;6.61153786442895;5.70453077769199;0.862814506195783
Mutant;4;6.07472611762451;3.55877202429054;0.5858325059241
Mutant;4;5.99695009789014;4.543893737765;0.757700775159633
Mutant;4;6.56019371440495;5.50124485009167;0.838579634929372
Mutant;4;6.48720334311846;4.59793214072534;0.708769541747565
Mutant;4;6.19589777448744;5.69022545496019;0.918385948585299
Mutant;4;6.13607051607637;4.25272040659497;0.693069024460024
Mutant;4;6.84297371709285;2.09546528825321;0.306221443320616
Mutant;4;6.53501305836969;5.18930117826708;0.794076634876943
Mutant;4;6.43207875399745;2.33012535751645;0.362266297822971
Mutant;4;6.49790712126549;6.04481801314316;0.930271532100001
Mutant;4;5.56501249786464;5.26657234147268;0.946372059989717
Mutant;4;6.84925265199361;5.89264189854798;0.860333557243332
Mutant;4;6.34745196434652;3.93046235790893;0.619218921227957
Mutant;4;5.89287965428984;5.05612820119912;0.858006356453997
Mutant;4;6.58781891005506;2.48365526934221;0.377007216387107
Mutant;4;7.8802223084002;5.60589401993106;0.711387801071964
Mutant;4;7.88695293426526;6.58970682415901;0.835519988401314
Mutant;4;5.26819827407726;4.45960289334575;0.846513867044395
Mutant;4;5.57887154062149;1.72888664294601;0.309898987699833
Mutant;4;6.05237204196602;3.60441262757485;0.595537188160696
Mutant;4;5.88636025637104;4.9699473111358;0.844315858132643
Mutant;4;5.83708995761097;5.23501475491105;0.896853533683358
Mutant;4;6.53520001238427;6.29578259014216;0.9633649434159
Mutant;4;5.86641278246262;4.48157137973513;0.763937272387751
Mutant;4;6.0371358537969;4.21428097056769;0.698059654880422
Mutant;4;6.12602327332342;2.34890552754789;0.383430722141804
Mutant;4;6.37450380736617;4.43506917412277;0.695751278554065
Mutant;4;6.31500134518495;5.41230106679499;0.85705461819446
Mutant;4;6.19725540447896;1.45715289209372;0.235128746031765
Mutant;4;5.76175827726657;5.24230595562583;0.909844825720947
Mutant;4;5.42904662958081;4.94083821809506;0.910074743358126
Mutant;4;6.42129313252497;6.14545982541396;0.957043962731765
Mutant;4;6.046880347748;4.52316127928876;0.748015674061302
Mutant;4;5.81391227685246;3.94460300030269;0.67847652535243
Mutant;4;6.16519793984677;3.74225806905042;0.60699722953963
Mutant;4;7.51304212348888;5.27736801520314;0.702427582390881
Mutant;4;7.14040859670652;6.09703079992819;0.853877018009924
Mutant;4;5.04500508616985;3.7654590719543;0.746373691926846
Mutant;4;5.18527243578818;4.39280725276091;0.847170000643022
Mutant;4;6.00547877409323;4.90702492406254;0.817091377498615
Mutant;4;5.57587376559829;5.45946904694484;0.979123501795963
Mutant;4;5.83087837302748;5.1160334762174;0.877403565796053
Mutant;4;6.19928322901405;5.06916178738152;0.81770127289179
Mutant;4;5.68602597507277;3.56030065996691;0.626149207825478
Mutant;4;5.97921649446162;3.74171814665399;0.625787366976901
Mutant;4;6.01460087776697;4.80160624256519;0.798324999471597
Mutant;4;5.89653372174758;3.13966796667068;0.532459935756997
Mutant;4;6.27679527751073;2.70267293748298;0.430581661180897
Mutant;4;5.84661330653327;2.60127688895205;0.444920290186674
Mutant;4;5.64385740274122;3.20757337489671;0.568329981784938
Mutant;4;5.35794801597803;3.89241577118863;0.726475090758811
Mutant;4;6.31738907890686;2.1089851918411;0.333838103922203
Mutant;4;5.62551353074894;4.65887099633206;0.828168125606093
Mutant;4;5.51594270473784;5.31944054490722;0.964375598089182
Mutant;4;5.96856942517532;4.42398241362441;0.741213195068843
Mutant;4;6.94515804989578;4.89004725381068;0.704094452376655
Mutant;4;6.98051327467521;4.15858835659904;0.595742489551032
Mutant;4;4.56160070421536;4.46026042933774;0.977784054008942
Mutant;4;5.0527679714952;4.43987184845488;0.878700916705868
Mutant;4;5.89658839116304;2.78430893564593;0.472189807214398
Mutant;4;5.45429754798026;3.73167383760556;0.684171298829747
Mutant;4;5.54246288509368;5.38016092039765;0.970716634813642
Mutant;4;5.76029829415003;5.56525205292274;0.966139558879204
Mutant;4;5.53154968372661;5.24680482080422;0.94852349175131
Mutant;4;5.91464700518948;4.61070442171174;0.779540083738951
Mutant;4;5.95722831307104;3.62192892240116;0.607988939160534
Mutant;4;5.66495948199761;4.86348420564218;0.858520563315166
Mutant;4;5.33884754871019;4.89251079183695;0.916398295174944
Mutant;4;5.44860911494005;4.4593899698488;0.818445565790576
Mutant;4;5.55810063585629;3.67409707018336;0.661034643108315
Mutant;4;5.08917770080013;1.29416203136017;0.254296883985147
Mutant;4;5.93711249562674;3.148785136994;0.530356320402112
Mutant;4;5.34324658921267;4.77574543878242;0.893790948825765
Mutant;4;5.27603830605912;5.08500891026112;0.96379302334128
Mutant;4;5.61753145078792;4.11955388747313;0.733338820363047
Mutant;4;6.86110704405551;6.33136738259478;0.922790934748685
Mutant;4;6.74673848517875;5.66561131490336;0.839755583731247
Mutant;4;4.5271918946299;3.82015624656546;0.843824678847143
Mutant;4;4.98943737711236;3.85993626139577;0.773621546810497
Mutant;4;5.62547684520068;3.43170366970532;0.610028938725976
Mutant;4;5.22443051599546;1.82470600554668;0.349264096815919
Mutant;4;5.14282277942906;4.04180676204058;0.785912121686856
Mutant;4;5.3431700491357;2.48694726830571;0.465444154955913
Mutant;4;5.52057527907847;5.21427959655271;0.944517433955382
Mutant;4;5.65561349490377;5.2076301137992;0.92078960460996
Mutant;4;5.25383007725739;4.36653217135544;0.831114083848494
Mutant;4;5.43076555161187;4.53937085812827;0.835862055724531
Mutant;4;4.92512891949134;4.00195122310303;0.812557658595533
Mutant;4;5.37318211193139;4.83418754010083;0.899688013433659
Mutant;4;4.81936142063956;4.48697346131901;0.931030705043815
Mutant;4;4.91739726463352;3.15905637722865;0.642424479296993
Mutant;4;5.32239350180744;2.50510265700649;0.470672199670275
Mutant;4;5.23996880516086;1.92082095962349;0.366571067700187
Mutant;4;5.03788849314113;4.07101689312905;0.808079991979093
Mutant;4;5.42920773321641;2.42058118566552;0.445844275004652
Mutant;4;6.68527720846562;4.42491842982319;0.661890044622216
Mutant;5;6.17794286205023;5.00422684227335;0.810015073628025
Mutant;5;4.34542389889519;3.516363931588;0.809210795863213
Mutant;5;4.83688608338781;3.47693721202353;0.71883793665619
Mutant;5;5.1002383320048;2.93029895623129;0.574541573448285
Mutant;5;4.86539672924802;3.42617386005512;0.704192083547659
Mutant;5;4.89461264077003;3.75470600975297;0.767109940116176
Mutant;5;4.94787005526843;4.32210566925083;0.873528532676136
Mutant;5;5.00151084132814;3.68738978749006;0.737255182378227
Mutant;5;5.0817560488129;3.93449064234659;0.774238394081449
Mutant;5;5.01119300186721;4.35554287224752;0.869162866132796
Mutant;5;5.22594219038039;5.07050387642583;0.970256403861358
Mutant;5;4.87824900982246;3.19637542342118;0.655230066563885
Mutant;5;4.92534496042304;4.39097046899691;0.891505164466647
Mutant;5;4.75712081059233;4.57952170496582;0.962666681655203
Mutant;5;4.61830330330053;2.56143184817396;0.554626164622708
Mutant;5;5.27189934260331;4.86922928183762;0.923619546846876
Mutant;5;5.0910674883564;3.85183635692145;0.756587172676625
Mutant;5;4.88946785813529;3.25251098704646;0.665207560703115
Mutant;5;5.29930982952408;4.78410212795236;0.902778339416703
Mutant;5;6.49761925808842;5.08539757349787;0.782655519122241
Mutant;5;5.93954900468019;2.03920553050568;0.343326661485383
Mutant;5;4.31548395776297;4.1032208211966;0.950813596193648
Mutant;5;3.84723691989637;2.9035459302093;0.754709416306889
Mutant;5;4.33996459244263;2.77985652390211;0.640525162058418
Mutant;5;4.48887846949128;2.93008535333398;0.652743301750835
Mutant;5;4.81616186010907;4.5090742379461;0.936238101815785
Mutant;5;4.72955984312514;4.37569730078828;0.92518066076461
Mutant;5;4.99571287873759;4.65432453817962;0.931663738720662
Mutant;5;4.58020133934136;2.4792280237691;0.541292366882199
Mutant;5;4.90284974418435;3.86512210417136;0.788341945162827
Mutant;5;5.00543761602243;3.11238160529455;0.621800099022672
Mutant;5;4.44449510206136;4.35148923404125;0.979073918210198
Mutant;5;4.52285423061532;4.1620862567108;0.920234445880994
Mutant;5;4.57876846443264;2.45662556277281;0.536525395825451
Mutant;5;4.53533202034911;2.52740949829767;0.557271107596466
Mutant;5;5.2041200344761;4.50740086617789;0.866121618317293
Mutant;5;4.77296303523274;2.31365775582864;0.484742441697084
Mutant;5;4.3728167677521;1.46587257729619;0.335223874027024
Mutant;5;5.21747765995995;4.28307482411817;0.820909087352191
Mutant;5;6.29669367683033;1.14210998521723;0.181382491166722
Mutant;5;5.44110679492629;2.10029109505753;0.386004387382361
Mutant;5;3.85413373934193;3.35833785342378;0.871359968426316
Mutant;5;3.82043664411437;3.63060898945976;0.950312576195432
Mutant;5;3.24961357982395;2.52375772850423;0.776633180072121
Mutant;5;3.36906427880161;3.12756453450347;0.928318451560076
Mutant;5;4.31973790037382;3.85269465454063;0.891881577863143
Mutant;5;3.0994394862574;2.87302647282842;0.92695033588077
Mutant;5;3.65224572721415;2.57140407465767;0.704061080966501
Mutant;5;4.41901067573892;3.62601528052351;0.820549110784212
Mutant;5;3.88392748386487;2.39645293892872;0.617017940959088
Mutant;5;4.12292880823995;3.38568596838425;0.821184678624024
Mutant;5;4.2263556317688;4.04951759147691;0.958158267855495
Mutant;5;4.05373554466879;2.38503736161726;0.588355440392236
Mutant;5;3.84650129646157;2.86559229334963;0.744986696348112
Mutant;5;3.7988417972249;3.37107633957746;0.887395822073998
Mutant;5;3.51629822023899;3.12162383435466;0.887758557106254
Mutant;5;3.86730177964307;3.79949953633845;0.98246781679632
Mutant;5;4.09575423649996;3.61420086274407;0.882426203832141
Mutant;5;4.26460817857203;3.97484469665399;0.932053902777286
Mutant;5;4.55631099266641;3.68814331986491;0.80945820550905
WT;1;15.7151109890657;12.0124120073021;0.764386075011509
WT;1;16.1573649301718;11.8163980399745;0.731332001910097
WT;1;15.6855834637796;13.3008733134795;0.847968030273991
WT;1;17.8852326601234;14.2268610114003;0.795452946112365
WT;1;17.0723135490662;10.7100953666944;0.627337082107435
WT;1;16.1481945986781;11.8260953073807;0.732347832143957
WT;1;18.1063618423233;14.0561419865906;0.776309570580576
WT;1;16.8047151169151;14.998784438742;0.892534287810967
WT;1;18.4639559031558;12.902001823578;0.698766932246235
WT;1;14.7323171967593;13.3776839912365;0.908050228118846
WT;1;16.5572835511792;12.5330302872024;0.756949668009389
WT;1;14.4010238276474;9.12485542843809;0.633625465636687
WT;1;12.7850033303647;10.1385224286329;0.793001156640581
WT;1;16.7410309146075;7.49952387112596;0.447972643344335
WT;1;16.2801310765532;8.07020425802296;0.495708801119282
WT;1;14.9241355341189;10.8876955385692;0.729536093643626
WT;1;15.5267959461831;7.03456725559753;0.453059812209796
WT;1;18.8924246285752;15.3547096215494;0.812744257204821
WT;1;13.7721773059978;11.1688696272667;0.810973412490312
WT;1;14.9814291407465;9.05440235729498;0.604375074783006
WT;1;15.4831517748669;13.9411917951925;0.900410458923651
WT;1;15.6837459959021;11.5765076838246;0.738121344661494
WT;1;15.1338546863048;13.2559976420199;0.875916804858427
WT;1;15.807312875512;6.12855492948222;0.387703778481939
WT;1;16.9963028943302;14.7690711856064;0.868957871451755
WT;1;15.9439120669618;14.865183725992;0.932342304922448
WT;1;15.9446503013534;11.3308876185548;0.710638828974068
WT;1;14.1550314714511;9.8514478121609;0.695967920101771
WT;1;13.7823216212122;12.4075020613401;0.900247607213274
WT;1;13.5696254354896;7.94679246093906;0.585630937177915
WT;1;11.7811567277912;5.04477330175085;0.428206959495791
WT;1;13.6744582057524;11.0317433327614;0.806740798558342
WT;1;16.0318306134254;15.4332752847668;0.962664567566145
WT;1;13.1178517995524;9.32642834038272;0.710972229515579
WT;1;13.50976796809;12.27805484359;0.908827958599338
WT;1;15.8518574153683;13.8390216436323;0.873022087002586
WT;2;13.5330830961124;11.4114827773176;0.843228604766024
WT;2;14.8720581195955;11.8000354739841;0.793436616444923
WT;2;14.3277497730444;10.1415043268033;0.707822546278909
WT;2;15.1512358286855;11.9253683607477;0.787088822033225
WT;2;14.5566471478027;9.9052453121044;0.680462005538106
WT;2;15.0429593745332;12.5944484785814;0.837232100746279
WT;2;14.0376322107941;4.54124581793367;0.323505114661839
WT;2;15.6217773891175;14.3402869107082;0.917967690456148
WT;2;14.8352394717553;10.5499689979575;0.711142480581021
WT;2;13.9065928886853;8.50107272045181;0.611298021628896
WT;2;12.275184116798;6.73296452250846;0.54850212090055
WT;2;12.8894539607491;8.92481179741343;0.692411938053481
WT;2;11.7222261436694;2.11769809072635;0.180656648726233
WT;2;12.7014897032099;7.93129682431373;0.624438314689129
WT;2;14.6609537713771;12.9006184480769;0.879930368054431
WT;2;12.6748098405684;11.7834023590183;0.929670938439093
WT;2;13.3399152116396;6.25769338659038;0.469095439312109
WT;2;14.2458053937169;4.48790108876489;0.315033159918376
WT;2;12.7943618322787;9.51511860231039;0.743696225497141
WT;2;14.6238985193575;9.53845086911899;0.652250893049692
WT;2;13.78948537798;11.4967825286671;0.833735430549569
WT;2;13.71202129224;9.94889339347291;0.725559943456567
WT;2;14.3423558960523;5.02106277665125;0.350086332611038
WT;2;14.7543572812186;4.68213455528769;0.317339106410806
WT;2;13.8644381362226;7.80326227597625;0.56282571275566
WT;2;15.5188890128844;13.8612171493781;0.893183599539246
WT;2;14.3887686582301;11.3812709890766;0.790982971469675
WT;2;13.3716206514249;2.18849863926347;0.163667418954954
WT;2;11.9659054827423;4.52800821762971;0.378409157932943
WT;2;12.3381334200274;8.46678546665816;0.686229041170425
WT;2;10.5274216609214;8.09853718655196;0.769280213845178
WT;2;11.9581919985373;9.87564282791622;0.825847488409968
WT;2;13.81501760724;7.69490091804001;0.556995375381017
WT;2;12.5725480912702;5.10440005496385;0.405995667537601
WT;2;12.6987028526778;5.77078563294861;0.454438984823689
WT;2;14.2104475766895;10.9521698394408;0.770712518401359
WT;2;12.3021186012417;7.18967931170084;0.584426109416238
WT;2;14.250453090014;11.0844206242503;0.777829347195828
WT;2;13.4760267502116;8.46020382835787;0.627796603937804
WT;2;13.1704918536836;10.8487030886125;0.82371282782262
WT;2;14.0114457952443;9.90852607449671;0.707173707788227
WT;2;14.6164709589929;12.6948716501643;0.868531924414606
WT;2;13.5862111156766;11.8365984699269;0.871221444238351
WT;2;12.9890718374654;7.50806895964309;0.578029673990022
WT;2;13.9667708299958;11.4585556297791;0.820415525482096
WT;2;12.6297393254249;8.38399125199961;0.663829318719338
WT;2;10.601399710668;5.44006953186683;0.513146346740666
WT;2;11.5896102213738;9.91638625254654;0.855627243982591
WT;2;10.0304858743201;5.21325351414277;0.519740875912071
WT;2;11.3017485505346;7.8271431539657;0.692560369660275
WT;2;13.4518949783615;11.171323564769;0.830464673024803
WT;2;11.7379601863637;5.20055482088546;0.443054392613046
WT;2;12.6583479164557;9.43269463190413;0.745175807629823
WT;2;12.4566320439334;10.1150619574894;0.812022216102598
WT;2;12.1208409265377;9.84259475734206;0.812038935004285
WT;2;14.0946785121462;12.832946879429;0.910481701896934
WT;2;13.4090686821355;7.47048463934584;0.557121811845034
WT;2;12.7626064074264;9.43445063347014;0.739226011700898
WT;2;13.9865152241207;6.4405309555949;0.460481460348877
WT;2;14.3683591838131;12.0099060297317;0.835857864916246
WT;2;12.7782648926534;10.2206345594629;0.799845256404022
WT;2;12.6187155454171;6.20630857635639;0.491833622369783
WT;2;13.8857493544167;6.1601870016092;0.443633745963433
WT;2;12.350806904912;10.8062584922025;0.874943521941451
WT;2;10.5524083356906;7.24750124038641;0.686810158385716
WT;2;11.5329747228242;2.54462508053361;0.22063909283506
WT;2;9.86370188609693;8.05870368126222;0.817006005891268
WT;2;11.2112809704546;9.41074022089829;0.839399194944686
WT;2;13.0564747868207;7.04896125365617;0.539882423758933
WT;2;11.6316931860867;9.16585636250432;0.788007061041471
WT;2;12.4508445903676;8.54702884903081;0.686461772693165
WT;2;12.4535839142736;8.65622673385472;0.695079167044712
WT;3;12.1101185052663;7.91405290080235;0.653507469589237
WT;3;13.7632903028454;11.7201927511721;0.851554569676491
WT;3;13.23826139067;8.16662804525602;0.616895814658235
WT;3;12.5831654372114;11.0552386362207;0.87857373340477
WT;3;12.6534066045137;2.96894120004093;0.234635722445042
WT;3;14.1878571031851;1.81939058155466;0.128235755993498
WT;3;12.7645373662263;10.6509014423742;0.834413432840538
WT;3;12.5597768272166;6.07508559149986;0.483693753087664
WT;3;13.6027221118381;12.5273512800371;0.920944438696931
WT;3;11.7390633678824;9.73616977104144;0.82938216328904
WT;3;10.4866020418221;4.47985081119204;0.427197560594532
WT;3;11.1505457432046;8.09082338314185;0.725598869281585
WT;3;9.52422312796649;6.79798995280531;0.713757947652865
WT;3;11.0550440669596;9.91188617678805;0.896593999693941
WT;3;12.9807757968567;7.33971584601725;0.565429675458578
WT;3;11.2904824662292;9.25838500553688;0.820016773705596
WT;3;12.3393747997396;7.54961382565234;0.611831146081375
WT;3;12.3727960597032;10.1594185715423;0.821109353336096
WT;3;11.1628341804484;3.22502382039325;0.288907258520587
WT;3;13.1943744563191;2.68992229783037;0.203868876598549
WT;3;12.8920353883069;11.8904490481109;0.92230968113038
WT;3;12.5812959253771;9.44260438357332;0.750527166643235
WT;3;12.5059140825209;3.43201221709567;0.274431136696555
WT;3;13.5076046912798;2.9617382248317;0.219264502665209
WT;3;12.0149874642532;7.59487651533546;0.632116890502933
WT;3;12.0401670052369;3.41814166780741;0.283894871750588
WT;3;12.9346337207206;8.5455495272131;0.660671937970967
WT;3;11.636986697822;3.28916493136131;0.282647477115096
WT;3;10.3793293469501;5.69900678916183;0.549072738580791
WT;3;11.0750958084568;9.79521876482348;0.884436481113239
WT;3;9.44608186408257;7.43716492425877;0.78732801930688
WT;3;10.7625341100396;8.47926286859471;0.787850034378523
WT;3;12.757243658012;11.812178721185;0.925919347300901
WT;3;11.2674808357333;5.9388533564184;0.527079073219641
WT;3;12.3258305015938;7.55597745369618;0.613019743596115
WT;3;12.0765645628425;3.00792090092031;0.24907090797785
WT;3;11.1088920674705;8.88786083598934;0.800067259813885
WT;3;11.154302722112;9.82512115202031;0.880836874952591
WT;3;12.2383519928979;9.54911869430375;0.780261811381566
WT;3;12.056986071848;4.36319014705778;0.361880665786406
WT;3;12.2330064050293;9.65964862442492;0.789638156361429
WT;3;13.3406666320143;5.82814666023393;0.436870721755974
WT;3;11.8985592581235;4.80931693760443;0.404193216445173
WT;3;11.9962429396538;10.3227887504427;0.860501808972248
WT;3;12.597378144422;5.88424783931676;0.467100992909564
WT;3;11.6011369102529;9.62534486943756;0.829689791948821
WT;3;10.1923485238846;4.53847181104277;0.445282242891066
WT;3;10.9575867654114;3.15314990092907;0.287759519357151
WT;3;9.25047633141721;6.8163338054518;0.736863006967719
WT;3;10.3371420118469;3.88459742925339;0.375790274023656
WT;3;11.5356472670017;10.365109477995;0.898528642397452
WT;3;11.2532663826417;10.0697029524817;0.894824898841318
WT;3;12.2363885429059;7.39499682889864;0.604344721726403
WT;3;11.9919260046769;10.9881968525341;0.916299587593243
WT;3;10.8630344545954;8.02075306724333;0.738352906894286
WT;3;11.1532215070756;10.307097688474;0.924136374583363
WT;3;11.4136730823628;6.87609837917237;0.602443957309221
WT;3;12.0529981647773;10.3535401017028;0.859001217801493
WT;3;12.1578037953396;8.24443712823846;0.678118948703447
WT;3;12.2034648827731;8.14060810533974;0.667073506052478
WT;3;11.3407143149772;8.80956370350638;0.776808537701368
WT;3;11.9018957378108;6.98170925039836;0.586604806847565
WT;3;12.5215411956827;5.64331732230894;0.450688715879058
WT;3;10.6510771616953;8.23118611054355;0.772803162120125
WT;3;9.74082627302249;8.71633136066471;0.894824639754109
WT;3;10.9352891466257;5.74242794185892;0.525128130117242
WT;3;9.03520408395645;5.18953460207802;0.574368277003607
WT;3;9.87916209283066;5.54627389691204;0.56141136715805
WT;3;11.4031707856309;8.23984178399786;0.722592157821653
WT;3;11.17183010836;6.22148332140866;0.556890255317531
WT;3;11.4581460942406;10.2819561892156;0.897349021791916
WT;3;11.7732599550418;8.69900364704234;0.73887807457416
WT;3;10.7998032955203;8.97870845032407;0.831377035732528
WT;3;10.5331440111622;6.54028739072994;0.620924520143183
WT;3;11.2791140021413;3.71829879528553;0.329662311647849
WT;3;11.6353795979142;9.25081791325659;0.795059399258011
WT;3;11.3533392800294;9.68312601063066;0.852887927665766
WT;3;11.9841171383479;9.48964771861574;0.791852049597366
WT;3;11.3198675962762;8.79260799672032;0.776741240296201
WT;3;11.8389553301873;6.73569714193683;0.568943538857857
WT;3;12.3006345278934;8.67224617078967;0.705024293756889
WT;3;9.41206137557009;6.36175437029071;0.675915096219331
WT;3;9.64736597605117;6.88550678269545;0.71371883266253
WT;3;10.496324323595;4.4859313909213;0.427381171982008
WT;3;8.86008260424944;5.82137331932371;0.657033752318707
WT;3;9.64315792981098;7.24418628472357;0.751225515277397
WT;3;11.069652460227;3.20812113101764;0.289812272114625
WT;3;10.690134053172;8.91721952469075;0.83415413504986
WT;3;11.4020673133533;2.80517535471744;0.246023398882431
WT;3;10.9463165554032;9.86834905319411;0.901522352587458
WT;4;10.0894822566247;8.67362609844289;0.859670087902465
WT;4;10.3244235173784;2.5799510635508;0.249888147188862
WT;4;10.6948275255761;5.36103090138535;0.50127324527345
WT;4;10.4166507240504;8.99987550673035;0.863989370974208
WT;4;10.8262295485231;8.02049584927223;0.740839256485781
WT;4;11.3993054862443;10.1925909543062;0.894141398930463
WT;4;11.0104925938935;7.78761686488581;0.707290504804921
WT;4;10.8467105240149;5.29794073293113;0.48843755175372
WT;4;11.0143956999186;5.49361264484682;0.49876659550986
WT;4;9.28738356590309;5.18183501034151;0.557943469608131
WT;4;9.40055702773265;8.20169675744118;0.87246923062594
WT;4;10.2739131550894;8.30758171809125;0.808609299366707
WT;4;8.19225309273472;2.86153671667531;0.349297889638329
WT;4;9.24806584390213;6.06530572266938;0.655845862804777
WT;4;10.8115449256238;6.65990927521938;0.615999778110816
WT;4;10.5369078579003;7.390330489169;0.701375639688064
WT;4;10.7355329233015;5.24656989330943;0.488710707776951
WT;4;10.6888529474184;5.26847360714944;0.492894198569914
WT;4;9.71386283357794;5.54438722368894;0.570770590307662
WT;4;10.0957253104666;6.50561783063529;0.644393308115333
WT;4;9.98353175899846;7.18962747551514;0.720148705795914
WT;4;10.0261959946555;7.93172522276541;0.791100156728774
WT;4;10.7888768346495;5.39289586760604;0.499857024068183
WT;4;9.90672146258501;7.14399461713444;0.721126019754907
WT;4;10.3238314270643;9.07705747716594;0.87923340683093
WT;4;10.6664718737989;7.91676469077029;0.742210243878019
WT;4;9.81338855087964;5.9582968535078;0.607159985831165
WT;4;9.28692561120774;7.79818855734933;0.839695382930411
WT;4;9.28063109997009;6.48079940067219;0.698314514483081
WT;4;10.1044549095601;5.97782684475486;0.591603099648559
WT;4;7.63412603903958;6.23393270308182;0.816587605601818
WT;4;8.85143117914825;7.73780693819587;0.874187098288037
WT;4;9.88397159847301;8.86796290294096;0.897206433121579
WT;4;9.80568950170028;7.8774714540125;0.803357219565903
WT;4;10.2885123385465;9.20152192102156;0.89434911659167
WT;4;10.3890874187211;8.15342493383645;0.784806653868748
WT;4;9.61165573297566;8.81609198379082;0.917229271284091
WT;4;9.82152571535301;9.08755745569221;0.925269425450522
WT;4;9.39948200432185;6.21098158632481;0.660779134793707
WT;4;9.69065393698047;6.6597640618567;0.687235774300266
WT;4;10.5263045714602;6.94144919624043;0.659438376413759
WT;4;9.40306211809803;6.43632248548822;0.684492179744326
WT;4;9.31846778168675;6.61286009040839;0.709651011876052
WT;4;10.2453911185988;9.4831904922557;0.925605512027799
WT;4;9.66490619535182;7.49498127541746;0.775484119961976
WT;4;8.92224043913831;4.52855695353508;0.507558273555385
WT;4;9.12534263861611;8.73835523776206;0.95759201422022
WT;4;8.93357626566578;7.96403570454836;0.89147229146701
WT;4;7.59325481574273;2.15884035154453;0.284310273253139
WT;4;8.75302112783416;6.75846566085801;0.772129481027578
WT;4;9.86662491732981;8.59681993941313;0.871303004973221
WT;4;9.33275236329347;8.36875840704133;0.896708503694621
WT;4;9.54109430992238;8.19314769060408;0.858722010753369
WT;4;10.2122227255688;9.29067327337993;0.909760149484246
WT;4;8.8531695946574;7.01086329738047;0.791904325611394
WT;4;9.47191049860739;6.64466597029603;0.701512748803207
WT;4;9.39555596455607;7.52127368573893;0.800513957248756
WT;4;9.1686643884544;7.37236402465078;0.804082657222615
WT;4;9.53928729535736;3.33151312527473;0.349241303057948
WT;4;8.87829773997901;8.1604958157333;0.919150951537315
WT;4;9.22690527116387;2.61584564295546;0.28350195066276
WT;4;10.0499202360493;8.40937124070784;0.836759998407078
WT;4;9.41852529166983;7.58149649832466;0.804955793348039
WT;4;8.63661077706625;7.66685469490802;0.887715666806089
WT;4;7.99742731252448;7.58664095430511;0.948635187021199
WT;4;8.89994628467014;8.50874455084121;0.95604448371753
WT;4;6.51978392935787;3.71737996316734;0.570169196317747
WT;4;8.53481767509095;5.49067864602063;0.643326999479473
WT;4;9.46897891980686;3.98644208134885;0.421000206580898
WT;4;9.1776010081851;5.21129356343251;0.567827426664635
WT;4;8.81910979023811;6.16968489355371;0.699581368221874
WT;4;9.39741277345847;7.66017407584515;0.815136491341545
WT;4;8.2409059489776;7.17426763084159;0.870567832621807
WT;4;8.79432503383164;5.99511086166696;0.681702215758896
WT;4;9.38004207727608;4.65558974956192;0.496329303345074
WT;4;8.30551457121969;4.12354403065203;0.496482667665282
WT;4;9.27571832529915;4.54746647897419;0.49025491282666
WT;4;8.83886941331255;5.08591441080299;0.575403275349096
WT;4;8.68847173939352;7.90363930472728;0.909669679754172
WT;4;8.50088942936543;5.43776686081751;0.639670343438807
WT;4;8.46284400809016;5.39018457282172;0.636923541030522
WT;4;8.09124114899633;3.99552066316832;0.4938081302476
WT;4;7.68070764382316;5.71909749780965;0.744605544569706
WT;4;8.33274059213544;6.95136379134815;0.834222992362074
WT;4;6.16196203623413;4.99543816490025;0.810689539391127
WT;4;7.55640844495183;6.22900527015398;0.824334115278715
WT;4;9.18781913285319;7.3050397477447;0.79507874960488
WT;4;8.17988585621352;6.9752314278155;0.852729677458403
WT;4;7.27930028685452;5.15200161854146;0.707760556031093
WT;4;9.09097318821628;4.9232435199404;0.541552968863874
WT;5;7.84011743722709;7.02811170113313;0.896429391192749
WT;5;8.44037245321434;6.73580791137478;0.798046288681205
WT;5;8.75863308165904;6.87253409580634;0.784658294477221
WT;5;8.20306117096787;5.83959565800467;0.711880057492691
WT;5;8.35936507799109;4.76402841694348;0.569903141266845
WT;5;8.53234733946823;3.42228084953618;0.401094882026857
WT;5;8.17350709601992;5.12918052819542;0.627537294326577
WT;5;8.48591810435886;7.51314976036547;0.885366753245742
WT;5;8.32321732241456;7.29194982407101;0.876097492304289
WT;5;7.46061027623068;3.75114920896102;0.502793882815738
WT;5;7.54063544675358;5.65580398070558;0.750043417513379
WT;5;7.41342002138827;4.49749362993479;0.606669204895876
WT;5;6.12333416878945;4.66693885404222;0.762156486221109
WT;5;7.24791680462851;6.21107205867232;0.856945826793423
WT;5;8.46429386306446;4.30472600154689;0.50857473419388
WT;5;8.08360742278621;7.18387862649552;0.888697118843931
WT;5;6.65845475830691;5.370375226843;0.806549780959773
WT;5;8.33182324671695;7.66886785099408;0.920430933771416
WT;5;7.76580877097724;4.99740559081181;0.643513861619714
WT;5;8.09733195152494;4.18315042944728;0.516608489622249
WT;5;8.41540809456007;7.49416510505797;0.890529017826524
WT;5;7.55571483226345;6.81091634457904;0.901425807588177
WT;5;7.84963240973961;4.97941116834371;0.634349598608642
WT;5;8.05653074080236;6.360879341616;0.789530822417307
WT;5;7.5434659106586;6.6793251012199;0.885445123014647
WT;5;8.43161346613977;7.59617779332322;0.900916274664209
WT;5;7.71458898633284;7.2150365702697;0.935245751011733
WT;5;7.18025534638773;4.00002293675886;0.557086446622153
WT;5;6.96157166302194;6.30612394738991;0.905847738505143
WT;5;7.07281747777106;5.41437277525367;0.765518521051948
WT;5;4.78615210493038;4.0970831920831;0.856028622212519
WT;5;6.64675198382718;5.83639050785029;0.878081583614274
WT;5;7.67678269122566;6.38992628988864;0.832370349260002
WT;5;7.57813082936468;6.20444196958832;0.818729856912285
WT;5;6.0953851247632;3.4300330886713;0.562726229510322
WT;5;5.95320604993304;4.88085827882948;0.819870543349391
WT;5;5.47012133940983;4.50558904005688;0.823672595266961
WT;5;6.52035507609062;4.96642255830266;0.761679770556355
WT;5;7.15938783795145;5.78924823366712;0.808623357848933
WT;5;6.95202503826095;5.56843490525309;0.800980271878601
WT;5;7.32952285323392;6.12463915864917;0.835612260346097
WT;5;7.02994015598408;5.07343343561259;0.721689420256863
WT;5;6.8474914359769;5.89410213432546;0.860768091414864
WT;5;6.3361518008583;5.97610758246453;0.943176200679882
WT;5;6.91814645026408;5.99943214434407;0.867202246653085
WT;5;6.09588312638804;5.27991176725775;0.866143864274876
WT;5;5.52557274287921;3.88012026728158;0.702211417319929
WT;5;6.46748714641277;5.58702129411228;0.863862759620814
WT;5;4.34527055484696;4.14802914432616;0.954607795295787
WT;5;5.47599926869241;3.88440543158475;0.70935097705232
WT;5;6.05855362012321;4.76052576522941;0.78575284857058
WT;5;6.7391547826269;5.62784646268688;0.835096780562914
WT;5;5.5285476762649;3.51440001898972;0.635682321069186
WT;5;5.61176863543846;4.37388409245996;0.779412762108326
