"mouse";"Set ID";"FITC Rank";"Lgth Rank";"Rel len";"Total Len";"Len";"No_foci";"F1";"F2";"round F1";"round F2"
1;"m1-3 s4 nu";1;2;0.0718148823;179.06;12.86;1;0.60;;0.6;
1;"m1-3 s4 nu";2;1;0.0733274869;179.06;13.13;1;0.49;;0.49;
1;"m1-3 s4 nu";3;3;0.0668697264;179.06;11.97;1;0.65;;0.65;
1;"m1-3 s4 nu";4;6;0.0612019511;179.06;10.96;2;0.33;0.96;0.33;0.96
1;"m1-3 s4 nu";5;5;0.0638879862;179.06;11.44;1;0.42;;0.42;
1;"m1-3 s4 nu";6;7;0.0568448703;179.06;10.18;1;0.38;;0.38;
1;"m1-3 s4 nu";7;4;0.0645457098;179.06;11.56;1;0.96;;0.96;
1;"m1-3 s4 nu";8;9;0.0521838454;179.06;9.34;1;0.25;;0.25;
1;"m1-3 s4 nu";9;10;0.0519497728;179.06;9.30;1;0.79;;0.79;
1;"m1-3 s4 nu";10;12;0.0483943491;179.06;8.67;2;0.12;1.00;0.12;1
1;"m1-3 s4 nu";11;8;0.0563866314;179.06;10.10;1;0.96;;0.96;
1;"m1-3 s4 nu";12;13;0.0456065029;179.06;8.17;1;0.46;;0.46;
1;"m1-3 s4 nu";13;11;0.0484001717;179.06;8.67;2;0.27;0.83;0.27;0.83
1;"m1-3 s4 nu";14;15;0.0451479430;179.06;8.08;1;1.00;;1;
1;"m1-3 s4 nu";15;16;0.0429401826;179.06;7.69;1;0.95;;0.95;
1;"m1-3 s4 nu";16;17;0.0388559710;179.06;6.96;1;1.00;;1;
1;"m1-3 s4 nu";17;14;0.0452919569;179.06;8.11;1;0.89;;0.89;
1;"m1-3 s4 nu";18;18;0.0368425146;179.06;6.60;1;0.63;;0.63;
1;"m1-3 s4 nu";19;19;0.0295075457;179.06;5.28;1;0.92;;0.92;
1;"M1-5 s25 200% im nu";1;1;0.0742380329;118.62;8.81;2;0.14;0.81;0.14;0.81
1;"M1-5 s25 200% im nu";2;2;0.0728995473;118.62;8.65;1;0.39;;0.39;
1;"M1-5 s25 200% im nu";3;7;0.0579747640;118.62;6.88;2;0.27;0.86;0.27;0.86
1;"M1-5 s25 200% im nu";4;4;0.0660086253;118.62;7.83;1;0.68;;0.68;
1;"M1-5 s25 200% im nu";5;3;0.0677669809;118.62;8.04;2;0.17;0.85;0.17;0.85
1;"M1-5 s25 200% im nu";6;10;0.0535162321;118.62;6.35;1;1.00;;1;
1;"M1-5 s25 200% im nu";7;6;0.0614944634;118.62;7.29;1;0.94;;0.94;
1;"M1-5 s25 200% im nu";8;8;0.0542880533;118.62;6.44;1;0.82;;0.82;
1;"M1-5 s25 200% im nu";9;9;0.0536539679;118.62;6.36;1;0.69;;0.69;
1;"M1-5 s25 200% im nu";10;11;0.0507237341;118.62;6.02;1;0.52;;0.52;
1;"M1-5 s25 200% im nu";11;5;0.0623084546;118.62;7.39;1;0.75;;0.75;
1;"M1-5 s25 200% im nu";12;12;0.0490963843;118.62;5.82;1;0.42;;0.42;
1;"M1-5 s25 200% im nu";13;13;0.0469025988;118.62;5.56;1;0.45;;0.45;
1;"M1-5 s25 200% im nu";14;14;0.0462189539;118.62;5.48;1;0.85;;0.85;
1;"M1-5 s25 200% im nu";15;16;0.0406067148;118.62;4.82;1;0.59;;0.59;
1;"M1-5 s25 200% im nu";16;17;0.0346056713;118.62;4.10;1;0.76;;0.76;
1;"M1-5 s25 200% im nu";17;15;0.0440027037;118.62;5.22;1;1.00;;1;
1;"M1-5 s25 200% im nu";18;18;0.0343951440;118.62;4.08;2;0.28;0.88;0.28;0.88
1;"M1-5 s25 200% im nu";19;19;0.0292989734;118.62;3.48;1;0.83;;0.83;
1;"M1-5 s3";1;4;0.0661651555;110.74;7.33;2;0.23;0.76;0.23;0.76
1;"M1-5 s3";2;2;0.0717773397;110.74;7.95;2;0.42;0.93;0.42;0.93
1;"M1-5 s3";3;7;0.0602514649;110.74;6.67;2;0.34;0.96;0.34;0.96
1;"M1-5 s3";4;1;0.0764803186;110.74;8.47;1;0.22;;0.22;
1;"M1-5 s3";5;8;0.0601346802;110.74;6.66;2;0.13;0.93;0.13;0.93
1;"M1-5 s3";6;9;0.0576027727;110.74;6.38;1;0.59;;0.59;
1;"M1-5 s3";7;5;0.0633135751;110.74;7.01;1;0.44;;0.44;
1;"M1-5 s3";8;11;0.0479692432;110.74;5.31;1;0.96;;0.96;
1;"M1-5 s3";9;10;0.0565211298;110.74;6.26;1;0.57;;0.57;
1;"M1-5 s3";10;3;0.0690194177;110.74;7.64;1;0.39;;0.39;
1;"M1-5 s3";11;6;0.0613919904;110.74;6.80;1;0.63;;0.63;
1;"M1-5 s3";12;12;0.0453032352;110.74;5.02;1;0.30;;0.3;
1;"M1-5 s3";13;13;0.0444365915;110.74;4.92;1;0.95;;0.95;
1;"M1-5 s3";14;14;0.0436742756;110.74;4.84;1;1.00;;1;
1;"M1-5 s3";15;16;0.0369776659;110.74;4.09;1;0.57;;0.57;
1;"M1-5 s3";16;17;0.0367759310;110.74;4.07;1;0.50;;0.5;
1;"M1-5 s3";17;15;0.0420687161;110.74;4.66;1;0.45;;0.45;
1;"M1-5 s3";18;18;0.0319861277;110.74;3.54;1;0.19;;0.19;
1;"M1-5 s3";19;19;0.0281503691;110.74;3.12;1;1.00;;1;
1;"M1-5 s32 I im";1;2;0.0724778123;187.88;13.62;2;0.18;0.86;0.18;0.86
1;"M1-5 s32 I im";2;1;0.0731596617;187.88;13.74;1;0.55;;0.55;
1;"M1-5 s32 I im";3;4;0.0604034969;187.88;11.35;1;0.79;;0.79;
1;"M1-5 s32 I im";4;6;0.0586751335;187.88;11.02;1;0.52;;0.52;
1;"M1-5 s32 I im";5;3;0.0633871879;187.88;11.91;2;0.15;0.86;0.15;0.86
1;"M1-5 s32 I im";6;8;0.0581389546;187.88;10.92;2;0.20;0.89;0.2;0.89
1;"M1-5 s32 I im";7;5;0.0592243913;187.88;11.13;1;0.46;;0.46;
1;"M1-5 s32 I im";8;11;0.0530431481;187.88;9.97;1;0.76;;0.76;
1;"M1-5 s32 I im";9;10;0.0537911486;187.88;10.11;1;0.34;;0.34;
1;"M1-5 s32 I im";10;9;0.0550951462;187.88;10.35;2;0.26;0.72;0.26;0.72
1;"M1-5 s32 I im";11;7;0.0586639241;187.88;11.02;2;0.35;0.74;0.35;0.74
1;"M1-5 s32 I im";12;12;0.0498543236;187.88;9.37;1;0.21;;0.21;
1;"M1-5 s32 I im";13;15;0.0437978873;187.88;8.23;1;0.36;;0.36;
1;"M1-5 s32 I im";14;14;0.0456541767;187.88;8.58;1;0.73;;0.73;
1;"M1-5 s32 I im";15;13;0.0461551468;187.88;8.67;1;0.26;;0.26;
1;"M1-5 s32 I im";16;17;0.0394174391;187.88;7.41;1;0.65;;0.65;
1;"M1-5 s32 I im";17;16;0.0413127020;187.88;7.76;1;0.73;;0.73;
1;"M1-5 s32 I im";18;18;0.0353117006;187.88;6.63;1;0.95;;0.95;
1;"M1-5 s32 I im";19;19;0.0324366187;187.88;6.09;1;0.44;;0.44;
1;"m1-6 s11 I big im";1;1;0.0682140960;240.53;16.41;2;0.14;0.94;0.14;0.94
1;"m1-6 s11 I big im";2;2;0.0665892065;240.53;16.02;1;0.54;;0.54;
1;"m1-6 s11 I big im";3;3;0.0650206726;240.53;15.64;2;0.23;0.97;0.23;0.97
1;"m1-6 s11 I big im";4;5;0.0623062196;240.53;14.99;2;0.20;0.87;0.2;0.87
1;"m1-6 s11 I big im";5;4;0.0626672081;240.53;15.07;2;0.39;0.75;0.39;0.75
1;"m1-6 s11 I big im";6;8;0.0566312337;240.53;13.62;2;0.35;0.96;0.35;0.96
1;"m1-6 s11 I big im";7;6;0.0594783516;240.53;14.31;2;0.28;0.90;0.28;0.9
1;"m1-6 s11 I big im";8;10;0.0543031060;240.53;13.06;2;0.28;0.88;0.28;0.88
1;"m1-6 s11 I big im";9;13;0.0508623680;240.53;12.23;1;0.48;;0.48;
1;"m1-6 s11 I big im";10;9;0.0563981839;240.53;13.57;1;0.41;;0.41;
1;"m1-6 s11 I big im";11;7;0.0581295718;240.53;13.98;2;0.34;0.97;0.34;0.97
1;"m1-6 s11 I big im";12;12;0.0518738035;240.53;12.48;1;0.35;;0.35;
1;"m1-6 s11 I big im";13;11;0.0531497723;240.53;12.78;1;0.68;;0.68;
1;"m1-6 s11 I big im";14;14;0.0462651699;240.53;11.13;1;0.87;;0.87;
1;"m1-6 s11 I big im";15;16;0.0442395044;240.53;10.64;1;0.64;;0.64;
1;"m1-6 s11 I big im";16;17;0.0338901482;240.53;8.15;1;0.62;;0.62;
1;"m1-6 s11 I big im";17;15;0.0455224629;240.53;10.95;1;0.60;;0.6;
1;"m1-6 s11 I big im";18;19;0.0318969686;240.53;7.67;1;0.85;;0.85;
1;"m1-6 s11 I big im";19;18;0.0325619526;240.53;7.83;1;0.94;;0.94;
1;"m1-6 s13 I im";1;2;0.0692617161;153.21;10.61;1;0.96;;0.96;
1;"m1-6 s13 I im";2;1;0.0910759096;153.21;13.95;1;0.85;;0.85;
1;"m1-6 s13 I im";3;6;0.0566062186;153.21;8.67;1;0.40;;0.4;
1;"m1-6 s13 I im";4;4;0.0651548961;153.21;9.98;2;0.13;0.94;0.13;0.94
1;"m1-6 s13 I im";5;5;0.0617106480;153.21;9.45;2;0.38;0.96;0.38;0.96
1;"m1-6 s13 I im";6;7;0.0555405179;153.21;8.51;1;0.48;;0.48;
1;"m1-6 s13 I im";7;3;0.0654167464;153.21;10.02;2;0.29;0.52;0.29;0.52
1;"m1-6 s13 I im";8;8;0.0544630727;153.21;8.34;1;0.63;;0.63;
1;"m1-6 s13 I im";9;11;0.0506980848;153.21;7.77;0;;;;
1;"m1-6 s13 I im";10;10;0.0510472950;153.21;7.82;1;0.50;;0.5;
1;"m1-6 s13 I im";11;9;0.0527950653;153.21;8.09;1;0.38;;0.38;
1;"m1-6 s13 I im";12;13;0.0451632651;153.21;6.92;1;0.21;;0.21;
1;"m1-6 s13 I im";13;14;0.0446042995;153.21;6.83;1;0.87;;0.87;
1;"m1-6 s13 I im";14;16;0.0423956051;153.21;6.50;1;0.27;;0.27;
1;"m1-6 s13 I im";15;15;0.0435897872;153.21;6.68;1;0.48;;0.48;
1;"m1-6 s13 I im";16;17;0.0372464589;153.21;5.71;0;;;;
1;"m1-6 s13 I im";17;12;0.0464455469;153.21;7.12;1;0.65;;0.65;
1;"m1-6 s13 I im";18;18;0.0351872861;153.21;5.39;1;0.55;;0.55;
1;"m1-6 s13 I im";19;19;0.0315975806;153.21;4.84;1;0.93;;0.93;
1;"m1-6 s14 I im";1;2;0.0691027504;209.33;14.47;1;0.40;;0.4;
1;"m1-6 s14 I im";2;1;0.0730297528;209.33;15.29;2;0.40;0.90;0.4;0.9
1;"m1-6 s14 I im";3;7;0.0585570917;209.33;12.26;1;0.20;;0.2;
1;"m1-6 s14 I im";4;5;0.0621452109;209.33;13.01;1;0.55;;0.55;
1;"m1-6 s14 I im";5;4;0.0624098190;209.33;13.06;1;0.61;;0.61;
1;"m1-6 s14 I im";6;12;0.0535167097;209.33;11.20;1;0.77;;0.77;
1;"m1-6 s14 I im";7;10;0.0555824937;209.33;11.64;1;0.75;;0.75;
1;"m1-6 s14 I im";8;8;0.0565382846;209.33;11.84;1;0.48;;0.48;
1;"m1-6 s14 I im";9;11;0.0550734519;209.33;11.53;1;0.77;;0.77;
1;"m1-6 s14 I im";10;6;0.0588554203;209.33;12.32;1;0.15;;0.15;
1;"m1-6 s14 I im";11;3;0.0633921836;209.33;13.27;1;0.52;;0.52;
1;"m1-6 s14 I im";12;13;0.0440788932;209.33;9.23;1;0.15;;0.15;
1;"m1-6 s14 I im";13;14;0.0434587819;209.33;9.10;1;0.56;;0.56;
1;"m1-6 s14 I im";14;9;0.0562110560;209.33;11.77;0;;;;
1;"m1-6 s14 I im";15;15;0.0425967235;209.33;8.92;1;0.33;;0.33;
1;"m1-6 s14 I im";16;17;0.0384376819;209.33;8.05;1;0.42;;0.42;
1;"m1-6 s14 I im";17;16;0.0425645895;209.33;8.91;1;0.75;;0.75;
1;"m1-6 s14 I im";18;18;0.0381207273;209.33;7.98;1;0.79;;0.79;
1;"m1-6 s14 I im";19;19;0.0263283782;209.33;5.51;0;;;;
1;"m1-6 s15 I im corr";1;2;0.0702048871;176.57;12.40;1;0.83;;0.83;
1;"m1-6 s15 I im corr";2;1;0.0759953701;176.57;13.42;1;0.76;;0.76;
1;"m1-6 s15 I im corr";3;8;0.0594359146;176.57;10.49;2;0.37;0.81;0.37;0.81
1;"m1-6 s15 I im corr";4;6;0.0610469074;176.57;10.78;1;0.43;;0.43;
1;"m1-6 s15 I im corr";5;3;0.0662263744;176.57;11.69;1;0.79;;0.79;
1;"m1-6 s15 I im corr";6;5;0.0633038202;176.57;11.18;1;0.50;;0.5;
1;"m1-6 s15 I im corr";7;7;0.0607220757;176.57;10.72;1;0.76;;0.76;
1;"m1-6 s15 I im corr";8;12;0.0493275559;176.57;8.71;2;0.40;1.00;0.4;1
1;"m1-6 s15 I im corr";9;10;0.0536929135;176.57;9.48;1;0.87;;0.87;
1;"m1-6 s15 I im corr";10;11;0.0498225212;176.57;8.80;1;0.57;;0.57;
1;"m1-6 s15 I im corr";11;4;0.0661038583;176.57;11.67;2;0.26;0.90;0.26;0.9
1;"m1-6 s15 I im corr";12;14;0.0445571782;176.57;7.87;1;0.22;;0.22;
1;"m1-6 s15 I im corr";13;15;0.0439048744;176.57;7.75;1;0.82;;0.82;
1;"m1-6 s15 I im corr";14;9;0.0553872053;176.57;9.78;1;0.95;;0.95;
1;"m1-6 s15 I im corr";15;16;0.0385388528;176.57;6.80;1;0.85;;0.85;
1;"m1-6 s15 I im corr";16;17;0.0343057228;176.57;6.06;1;0.91;;0.91;
1;"m1-6 s15 I im corr";17;13;0.0447288761;176.57;7.90;1;0.96;;0.96;
1;"m1-6 s15 I im corr";18;18;0.0335137313;176.57;5.92;1;0.65;;0.65;
1;"m1-6 s15 I im corr";19;19;0.0291813606;176.57;5.15;1;0.92;;0.92;
1;"m1-6 s18 I big im left";1;2;0.0729331159;208.59;15.21;2;0.23;0.95;0.23;0.95
1;"m1-6 s18 I big im left";2;1;0.0741420649;208.59;15.47;2;0.34;0.95;0.34;0.95
1;"m1-6 s18 I big im left";3;6;0.0574887133;208.59;11.99;2;0.36;0.88;0.36;0.88
1;"m1-6 s18 I big im left";4;8;0.0571865679;208.59;11.93;2;0.51;0.70;0.51;0.7
1;"m1-6 s18 I big im left";5;3;0.0652922529;208.59;13.62;1;0.87;;0.87;
1;"m1-6 s18 I big im left";6;4;0.0601653568;208.59;12.55;1;0.72;;0.72;
1;"m1-6 s18 I big im left";7;5;0.0601373574;208.59;12.54;1;0.60;;0.6;
1;"m1-6 s18 I big im left";8;10;0.0555215076;208.59;11.58;1;0.89;;0.89;
1;"m1-6 s18 I big im left";9;9;0.0555266513;208.59;11.58;1;0.60;;0.6;
1;"m1-6 s18 I big im left";10;7;0.0574141299;208.59;11.98;1;0.87;;0.87;
1;"m1-6 s18 I big im left";11;11;0.0551908347;208.59;11.51;2;0.38;0.96;0.38;0.96
1;"m1-6 s18 I big im left";12;16;0.0435321055;208.59;9.08;1;0.51;;0.51;
1;"m1-6 s18 I big im left";13;12;0.0459614006;208.59;9.59;1;0.87;;0.87;
1;"m1-6 s18 I big im left";14;13;0.0456881042;208.59;9.53;1;0.19;;0.19;
1;"m1-6 s18 I big im left";15;14;0.0446930620;208.59;9.32;1;0.84;;0.84;
1;"m1-6 s18 I big im left";16;17;0.0375941839;208.59;7.84;1;0.30;;0.3;
1;"m1-6 s18 I big im left";17;15;0.0444177373;208.59;9.27;1;0.75;;0.75;
1;"m1-6 s18 I big im left";18;18;0.0348852853;208.59;7.28;1;0.82;;0.82;
1;"m1-6 s18 I big im left";19;19;0.0322295686;208.59;6.72;1;0.80;;0.8;
1;"m1-6 s18 I big im-right";1;2;0.0707093645;214.77;15.19;2;0.22;0.83;0.22;0.83
1;"m1-6 s18 I big im-right";2;1;0.0724390418;214.77;15.56;1;0.59;;0.59;
1;"m1-6 s18 I big im-right";3;6;0.0595520357;214.77;12.79;2;0.12;0.89;0.12;0.89
1;"m1-6 s18 I big im-right";4;4;0.0603342301;214.77;12.96;2;0.11;0.86;0.11;0.86
1;"m1-6 s18 I big im-right";5;3;0.0637969225;214.77;13.70;1;0.42;;0.42;
1;"m1-6 s18 I big im-right";6;9;0.0560501659;214.77;12.04;1;0.84;;0.84;
1;"m1-6 s18 I big im-right";7;7;0.0594866310;214.77;12.78;2;0.39;0.95;0.39;0.95
1;"m1-6 s18 I big im-right";8;10;0.0558102027;214.77;11.99;2;0.28;0.87;0.28;0.87
1;"m1-6 s18 I big im-right";9;8;0.0588748321;214.77;12.64;2;0.29;0.96;0.29;0.96
1;"m1-6 s18 I big im-right";10;11;0.0515008108;214.77;11.06;1;0.73;;0.73;
1;"m1-6 s18 I big im-right";11;5;0.0600739942;214.77;12.90;2;0.33;0.88;0.33;0.88
1;"m1-6 s18 I big im-right";12;12;0.0478010321;214.77;10.27;1;0.89;;0.89;
1;"m1-6 s18 I big im-right";13;15;0.0443896718;214.77;9.53;1;0.61;;0.61;
1;"m1-6 s18 I big im-right";14;13;0.0460472314;214.77;9.89;1;0.47;;0.47;
1;"m1-6 s18 I big im-right";15;14;0.0452344608;214.77;9.72;1;0.65;;0.65;
1;"m1-6 s18 I big im-right";16;18;0.0382705975;214.77;8.22;1;0.93;;0.93;
1;"m1-6 s18 I big im-right";17;16;0.0422419266;214.77;9.07;1;0.73;;0.73;
1;"m1-6 s18 I big im-right";18;17;0.0388623543;214.77;8.35;1;0.65;;0.65;
1;"m1-6 s18 I big im-right";19;19;0.0285244941;214.77;6.13;1;0.39;;0.39;
1;"m1-6 s20 I big im";1;2;0.0749858721;255.75;19.18;1;0.45;;0.45;
1;"m1-6 s20 I big im";2;1;0.0758921024;255.75;19.41;2;0.16;0.89;0.16;0.89
1;"m1-6 s20 I big im";3;7;0.0548731477;255.75;14.03;1;0.86;;0.86;
1;"m1-6 s20 I big im";4;5;0.0613582566;255.75;15.69;1;0.27;;0.27;
1;"m1-6 s20 I big im";5;3;0.0679199481;255.75;17.37;2;0.23;0.88;0.23;0.88
1;"m1-6 s20 I big im";6;9;0.0522042572;255.75;13.35;1;0.95;;0.95;
1;"m1-6 s20 I big im";7;6;0.0598946535;255.75;15.32;1;0.30;;0.3;
1;"m1-6 s20 I big im";8;11;0.0500269260;255.75;12.79;0;;;;
1;"m1-6 s20 I big im";9;8;0.0527139149;255.75;13.48;1;0.47;;0.47;
1;"m1-6 s20 I big im";10;10;0.0506263764;255.75;12.95;1;0.55;;0.55;
1;"m1-6 s20 I big im";11;4;0.0616327977;255.75;15.76;2;0.08;0.82;0.08;0.82
1;"m1-6 s20 I big im";12;12;0.0491602200;255.75;12.57;1;0.34;;0.34;
1;"m1-6 s20 I big im";13;14;0.0449058385;255.75;11.48;1;0.61;;0.61;
1;"m1-6 s20 I big im";14;13;0.0481025289;255.75;12.30;1;0.57;;0.57;
1;"m1-6 s20 I big im";15;15;0.0436155341;255.75;11.15;1;0.32;;0.32;
1;"m1-6 s20 I big im";16;16;0.0429348188;255.75;10.98;1;0.81;;0.81;
1;"m1-6 s20 I big im";17;17;0.0427466244;255.75;10.93;1;0.82;;0.82;
1;"m1-6 s20 I big im";18;18;0.0381512890;255.75;9.76;1;0.79;;0.79;
1;"m1-6 s20 I big im";19;19;0.0282548937;255.75;7.23;1;0.33;;0.33;
1;"M1-6 s22 i big im";1;1;0.0809658813;208.15;16.85;2;0.27;0.77;0.27;0.77
1;"M1-6 s22 i big im";2;2;0.0731744768;208.15;15.23;2;0.24;0.67;0.24;0.67
1;"M1-6 s22 i big im";3;8;0.0542359756;208.15;11.29;2;0.25;0.93;0.25;0.93
1;"M1-6 s22 i big im";4;3;0.0669632916;208.15;13.94;2;0.33;0.80;0.33;0.8
1;"M1-6 s22 i big im";5;4;0.0656784831;208.15;13.67;2;0.33;0.96;0.33;0.96
1;"M1-6 s22 i big im";6;7;0.0590489238;208.15;12.29;1;0.62;;0.62;
1;"M1-6 s22 i big im";7;6;0.0594579012;208.15;12.38;1;0.59;;0.59;
1;"M1-6 s22 i big im";8;10;0.0504730705;208.15;10.51;1;0.71;;0.71;
1;"M1-6 s22 i big im";9;9;0.0519278338;208.15;10.81;1;0.40;;0.4;
1;"M1-6 s22 i big im";10;11;0.0502069238;208.15;10.45;2;0.27;0.91;0.27;0.91
1;"M1-6 s22 i big im";11;5;0.0612668568;208.15;12.75;2;0.30;0.82;0.3;0.82
1;"M1-6 s22 i big im";12;14;0.0435286778;208.15;9.06;1;0.42;;0.42;
1;"M1-6 s22 i big im";13;12;0.0472979420;208.15;9.84;1;0.82;;0.82;
1;"M1-6 s22 i big im";14;13;0.0450106341;208.15;9.37;1;0.91;;0.91;
1;"M1-6 s22 i big im";15;15;0.0434544473;208.15;9.04;1;0.89;;0.89;
1;"M1-6 s22 i big im";16;17;0.0370120177;208.15;7.70;1;0.68;;0.68;
1;"M1-6 s22 i big im";17;16;0.0405899563;208.15;8.45;1;0.75;;0.75;
1;"M1-6 s22 i big im";18;18;0.0368086412;208.15;7.66;0;;;0;
1;"M1-6 s22 i big im";19;19;0.0328980652;208.15;6.85;1;0.52;;0.52;
1;"m1-6 s31 I im";1;3;0.0664956644;199.10;13.24;2;0.35;0.81;0.35;0.81
1;"m1-6 s31 I im";2;2;0.0723678763;199.10;14.41;1;0.68;;0.68;
1;"m1-6 s31 I im";3;8;0.0563730896;199.10;11.22;1;0.34;;0.34;
1;"m1-6 s31 I im";4;6;0.0605214244;199.10;12.05;1;0.48;;0.48;
1;"m1-6 s31 I im";5;5;0.0613619076;199.10;12.22;1;0.62;;0.62;
1;"m1-6 s31 I im";6;9;0.0534944973;199.10;10.65;1;0.62;;0.62;
1;"m1-6 s31 I im";7;1;0.0764048886;199.10;15.21;2;0.27;0.91;0.27;0.91
1;"m1-6 s31 I im";8;10;0.0507338112;199.10;10.10;2;0.13;0.88;0.13;0.88
1;"m1-6 s31 I im";9;7;0.0596162503;199.10;11.87;1;0.32;;0.32;
1;"m1-6 s31 I im";10;11;0.0501733179;199.10;9.99;1;0.37;;0.37;
1;"m1-6 s31 I im";11;4;0.0660620508;199.10;13.15;2;0.32;0.91;0.32;0.91
1;"m1-6 s31 I im";12;12;0.0496947888;199.10;9.89;1;0.95;;0.95;
1;"m1-6 s31 I im";13;15;0.0441259429;199.10;8.79;1;0.88;;0.88;
1;"m1-6 s31 I im";14;13;0.0480478238;199.10;9.57;1;0.52;;0.52;
1;"m1-6 s31 I im";15;16;0.0390121138;199.10;7.77;0;;;;
1;"m1-6 s31 I im";16;17;0.0349281892;199.10;6.95;1;0.96;;0.96;
1;"m1-6 s31 I im";17;14;0.0463934329;199.10;9.24;1;0.96;;0.96;
1;"m1-6 s31 I im";18;18;0.0332864125;199.10;6.63;1;0.83;;0.83;
1;"m1-6 s31 I im";19;19;0.0309065176;199.10;6.15;1;0.44;;0.44;
1;"M1-6 s34 I im";1;2;0.0712206237;156.06;11.11;2;0.15;0.95;0.15;0.95
1;"M1-6 s34 I im";2;1;0.0823413323;156.06;12.85;1;0.71;;0.71;
1;"M1-6 s34 I im";3;6;0.0583630288;156.06;9.11;1;0.51;;0.51;
1;"M1-6 s34 I im";4;4;0.0644098733;156.06;10.05;1;0.17;;0.17;
1;"M1-6 s34 I im";5;3;0.0673118623;156.06;10.50;1;0.89;;0.89;
1;"M1-6 s34 I im";6;10;0.0518319550;156.06;8.09;1;0.93;;0.93;
1;"M1-6 s34 I im";7;5;0.0616551143;156.06;9.62;1;0.71;;0.71;
1;"M1-6 s34 I im";8;9;0.0533772305;156.06;8.33;1;0.53;;0.53;
1;"M1-6 s34 I im";9;7;0.0551148329;156.06;8.60;1;0.58;;0.58;
1;"M1-6 s34 I im";10;11;0.0496999694;156.06;7.76;1;0.52;;0.52;
1;"M1-6 s34 I im";11;8;0.0548936759;156.06;8.57;2;0.14;0.86;0.14;0.86
1;"M1-6 s34 I im";12;13;0.0459056384;156.06;7.16;1;0.93;;0.93;
1;"M1-6 s34 I im";13;15;0.0439350318;156.06;6.86;1;0.32;;0.32;
1;"M1-6 s34 I im";14;12;0.0477145795;156.06;7.45;1;0.93;;0.93;
1;"M1-6 s34 I im";15;16;0.0422248886;156.06;6.59;1;1.00;;1;
1;"M1-6 s34 I im";16;17;0.0399240964;156.06;6.23;1;0.68;;0.68;
1;"M1-6 s34 I im";17;14;0.0445279008;156.06;6.95;1;0.58;;0.58;
1;"M1-6 s34 I im";18;18;0.0354018307;156.06;5.52;1;0.79;;0.79;
1;"M1-6 s34 I im";19;19;0.0301465353;156.06;4.70;1;0.85;;0.85;
1;"M1-6 s4 I im";1;3;0.0655160044;120.06;7.87;1;0.21;;0.21;
1;"M1-6 s4 I im";2;1;0.0802334663;120.06;9.63;0;;;;
1;"M1-6 s4 I im";3;7;0.0558944317;120.06;6.71;1;0.26;;0.26;
1;"M1-6 s4 I im";4;6;0.0603870400;120.06;7.25;1;0.66;;0.66;
1;"M1-6 s4 I im";5;2;0.0700893259;120.06;8.41;1;0.90;;0.9;
1;"M1-6 s4 I im";6;8;0.0558557840;120.06;6.71;1;0.60;;0.6;
1;"M1-6 s4 I im";7;4;0.0616438862;120.06;7.40;2;0.19;1.00;0.19;1
1;"M1-6 s4 I im";8;10;0.0533010502;120.06;6.40;1;0.95;;0.95;
1;"M1-6 s4 I im";9;9;0.0534102105;120.06;6.41;1;0.96;;0.96;
1;"M1-6 s4 I im";10;11;0.0510609235;120.06;6.13;0;;;;
1;"M1-6 s4 I im";11;5;0.0610381317;120.06;7.33;1;0.35;;0.35;
1;"M1-6 s4 I im";12;15;0.0430669403;120.06;5.17;1;0.78;;0.78;
1;"M1-6 s4 I im";13;14;0.0438361161;120.06;5.26;1;1.00;;1;
1;"M1-6 s4 I im";14;12;0.0496732792;120.06;5.96;1;0.71;;0.71;
1;"M1-6 s4 I im";15;13;0.0446141891;120.06;5.36;1;0.59;;0.59;
1;"M1-6 s4 I im";16;18;0.0368774002;120.06;4.43;1;0.65;;0.65;
1;"M1-6 s4 I im";17;16;0.0426124383;120.06;5.12;1;0.75;;0.75;
1;"M1-6 s4 I im";18;17;0.0403615392;120.06;4.85;1;0.61;;0.61;
1;"M1-6 s4 I im";19;19;0.0305278433;120.06;3.67;1;1.00;;1;
2;"M2-1 s13";1;1;0.0718886653;159.40;11.46;1;0.71;;0.71;
2;"M2-1 s13";2;2;0.0702910775;159.40;11.20;2;0.51;0.97;0.51;0.97
2;"M2-1 s13";3;10;0.0542464179;159.40;8.65;1;0.68;;0.68;
2;"M2-1 s13";4;4;0.0624275309;159.40;9.95;2;0.07;0.90;0.07;0.9
2;"M2-1 s13";5;3;0.0652364283;159.40;10.40;1;0.46;;0.46;
2;"M2-1 s13";6;6;0.0592109806;159.40;9.44;1;0.89;;0.89;
2;"M2-1 s13";7;5;0.0618274251;159.40;9.86;2;0.29;0.96;0.29;0.96
2;"M2-1 s13";8;9;0.0575419266;159.40;9.17;1;0.49;;0.49;
2;"M2-1 s13";9;8;0.0585265377;159.40;9.33;1;0.68;;0.68;
2;"M2-1 s13";10;11;0.0540967946;159.40;8.62;1;0.64;;0.64;
2;"M2-1 s13";11;7;0.0591084839;159.40;9.42;1;0.52;;0.52;
2;"M2-1 s13";12;12;0.0483074107;159.40;7.70;1;0.53;;0.53;
2;"M2-1 s13";13;13;0.0458080066;159.40;7.30;1;0.87;;0.87;
2;"M2-1 s13";14;15;0.0432880890;159.40;6.90;1;0.65;;0.65;
2;"M2-1 s13";15;16;0.0412806949;159.40;6.58;1;0.17;;0.17;
2;"M2-1 s13";16;18;0.0362289605;159.40;5.78;1;0.87;;0.87;
2;"M2-1 s13";17;14;0.0438885654;159.40;7.00;1;0.51;;0.51;
2;"M2-1 s13";18;17;0.0372976582;159.40;5.95;1;0.89;;0.89;
2;"M2-1 s13";19;19;0.0294983461;159.40;4.70;1;0.80;;0.8;
2;"M2-1 s14";1;2;0.0691589655;170.38;11.78;2;0.61;0.91;0.61;0.91
2;"M2-1 s14";2;1;0.0736773031;170.38;12.55;2;0.30;0.96;0.3;0.96
2;"M2-1 s14";3;8;0.0591614814;170.38;10.08;2;0.22;0.88;0.22;0.88
2;"M2-1 s14";4;4;0.0626982538;170.38;10.68;2;0.41;0.97;0.41;0.97
2;"M2-1 s14";5;3;0.0674621350;170.38;11.49;1;0.40;;0.4;
2;"M2-1 s14";6;9;0.0529087831;170.38;9.01;2;0.23;0.86;0.23;0.86
2;"M2-1 s14";7;5;0.0622446686;170.38;10.61;2;0.29;0.94;0.29;0.94
2;"M2-1 s14";8;10;0.0516220102;170.38;8.80;2;0.14;0.91;0.14;0.91
2;"M2-1 s14";9;6;0.0617021543;170.38;10.51;1;0.49;;0.49;
2;"M2-1 s14";10;18;0.0354662575;170.38;6.04;2;0.44;0.80;0.44;0.8
2;"M2-1 s14";11;7;0.0609631527;170.38;10.39;1;0.37;;0.37;
2;"M2-1 s14";12;13;0.0469053954;170.38;7.99;1;0.93;;0.93;
2;"M2-1 s14";13;14;0.0443196301;170.38;7.55;1;0.95;;0.95;
2;"M2-1 s14";14;12;0.0480186020;170.38;8.18;1;0.84;;0.84;
2;"M2-1 s14";15;15;0.0422559226;170.38;7.20;1;1.00;;1;
2;"M2-1 s14";16;17;0.0377659879;170.38;6.43;1;0.67;;0.67;
2;"M2-1 s14";17;16;0.0418443655;170.38;7.13;1;0.55;;0.55;
2;"M2-1 s14";18;11;0.0511759404;170.38;8.72;2;0.12;0.95;0.12;0.95
2;"M2-1 s14";19;19;0.0306489908;170.38;5.22;1;0.50;;0.5;
2;"M2-1 s15";1;1;0.0740417837;178.50;13.22;1;0.61;;0.61;
2;"M2-1 s15";2;2;0.0704848466;178.50;12.58;2;0.30;0.81;0.3;0.81
2;"M2-1 s15";3;7;0.0562367492;178.50;10.04;2;0.43;0.87;0.43;0.87
2;"M2-1 s15";4;3;0.0676478696;178.50;12.08;1;0.38;;0.38;
2;"M2-1 s15";5;4;0.0626432038;178.50;11.18;1;0.38;;0.38;
2;"M2-1 s15";6;8;0.0558257754;178.50;9.96;1;0.54;;0.54;
2;"M2-1 s15";7;6;0.0612383112;178.50;10.93;1;0.73;;0.73;
2;"M2-1 s15";8;10;0.0540170290;178.50;9.64;2;0.29;1.00;0.29;1
2;"M2-1 s15";9;11;0.0513084265;178.50;9.16;2;0.27;0.90;0.27;0.9
2;"M2-1 s15";10;9;0.0558111776;178.50;9.96;1;0.41;;0.41;
2;"M2-1 s15";11;5;0.0622579728;178.50;11.11;2;0.24;0.92;0.24;0.92
2;"M2-1 s15";12;12;0.0488939799;178.50;8.73;1;0.85;;0.85;
2;"M2-1 s15";13;14;0.0456990980;178.50;8.16;1;0.31;;0.31;
2;"M2-1 s15";14;13;0.0487884680;178.50;8.71;1;0.56;;0.56;
2;"M2-1 s15";15;15;0.0453551201;178.50;8.10;1;0.66;;0.66;
2;"M2-1 s15";16;18;0.0339978826;178.50;6.07;1;0.43;;0.43;
2;"M2-1 s15";17;16;0.0399309829;178.50;7.13;1;0.56;;0.56;
2;"M2-1 s15";18;17;0.0363918817;178.50;6.50;1;0.81;;0.81;
2;"M2-1 s15";19;19;0.0294294416;178.50;5.25;1;0.49;;0.49;
2;"m2-1 s20";1;3;0.0801057316;228.76;18.32;2;0.39;0.99;0.39;0.99
2;"m2-1 s20";2;1;0.0893428941;228.76;20.44;1;0.59;;0.59;
2;"m2-1 s20";3;8;0.0524260221;228.76;11.99;2;0.33;0.92;0.33;0.92
2;"m2-1 s20";4;4;0.0687942993;228.76;15.74;2;0.38;0.93;0.38;0.93
2;"m2-1 s20";5;2;0.0853374365;228.76;19.52;2;0.08;0.86;0.08;0.86
2;"m2-1 s20";6;6;0.0553402598;228.76;12.66;1;0.93;;0.93;
2;"m2-1 s20";7;7;0.0530541101;228.76;12.14;1;0.33;;0.33;
2;"m2-1 s20";8;11;0.0522232436;228.76;11.95;1;0.90;;0.9;
2;"m2-1 s20";9;12;0.0504811752;228.76;11.55;1;0.84;;0.84;
2;"m2-1 s20";10;9;0.0524153573;228.76;11.99;2;0.17;0.91;0.17;0.91
2;"m2-1 s20";11;10;0.0523359084;228.76;11.97;2;0.23;0.77;0.23;0.77
2;"m2-1 s20";12;5;0.0559228826;228.76;12.79;2;0.29;0.96;0.29;0.96
2;"m2-1 s20";13;13;0.0427728889;228.76;9.78;1;0.38;;0.38;
2;"m2-1 s20";14;14;0.0406264919;228.76;9.29;1;0.35;;0.35;
2;"m2-1 s20";15;16;0.0386368219;228.76;8.84;1;0.65;;0.65;
2;"m2-1 s20";16;18;0.0288767471;228.76;6.61;1;0.83;;0.83;
2;"m2-1 s20";17;15;0.0403471749;228.76;9.23;1;0.29;;0.29;
2;"m2-1 s20";18;17;0.0332398259;228.76;7.60;1;0.60;;0.6;
2;"m2-1 s20";19;19;0.0277207286;228.76;6.34;1;0.69;;0.69;
2;"M2-1 s22";1;5;0.0669887615;162.95;10.92;1;0.38;;0.38;
2;"M2-1 s22";2;1;0.0863892612;162.95;14.08;1;0.82;;0.82;
2;"M2-1 s22";3;4;0.0671136880;162.95;10.94;1;0.74;;0.74;
2;"M2-1 s22";4;7;0.0596174407;162.95;9.71;1;0.78;;0.78;
2;"M2-1 s22";5;2;0.0787034979;162.95;12.83;2;0.48;0.98;0.48;0.98
2;"M2-1 s22";6;8;0.0557284147;162.95;9.08;1;0.21;;0.21;
2;"M2-1 s22";7;3;0.0685883794;162.95;11.18;1;0.95;;0.95;
2;"M2-1 s22";8;12;0.0455500686;162.95;7.42;1;0.87;;0.87;
2;"M2-1 s22";9;9;0.0518931119;162.95;8.46;1;0.28;;0.28;
2;"M2-1 s22";10;10;0.0477603469;162.95;7.78;1;0.80;;0.8;
2;"M2-1 s22";11;6;0.0598083872;162.95;9.75;1;0.62;;0.62;
2;"M2-1 s22";12;14;0.0424752009;162.95;6.92;2;0.21;0.55;0.21;0.55
2;"M2-1 s22";13;11;0.0475052518;162.95;7.74;2;0.43;0.92;0.43;0.92
2;"M2-1 s22";14;16;0.0389900549;162.95;6.35;1;0.26;;0.26;
2;"M2-1 s22";15;13;0.0437473153;162.95;7.13;1;0.77;;0.77;
2;"M2-1 s22";16;18;0.0342617676;162.95;5.58;0;;;;
2;"M2-1 s22";17;15;0.0423052028;162.95;6.89;1;0.08;;0.08;
2;"M2-1 s22";18;17;0.0357338428;162.95;5.82;1;0.51;;0.51;
2;"M2-1 s22";19;19;0.0268400059;162.95;4.37;1;1.00;;1;
2;"M2-1 s25";1;6;0.0615249120;190.99;11.75;2;0.13;0.67;0.13;0.67
2;"M2-1 s25";2;3;0.0716276567;190.99;13.68;2;0.16;0.97;0.16;0.97
2;"M2-1 s25";3;9;0.0530943295;190.99;10.14;2;0.21;0.97;0.21;0.97
2;"M2-1 s25";4;5;0.0647404704;190.99;12.36;1;0.62;;0.62;
2;"M2-1 s25";5;4;0.0670822199;190.99;12.81;2;0.26;0.92;0.26;0.92
2;"M2-1 s25";6;10;0.0511368052;190.99;9.77;1;0.61;;0.61;
2;"M2-1 s25";7;2;0.0744388429;190.99;14.22;1;0.66;;0.66;
2;"M2-1 s25";8;8;0.0544137414;190.99;10.39;1;0.30;;0.3;
2;"M2-1 s25";9;7;0.0597153897;190.99;11.41;1;0.61;;0.61;
2;"M2-1 s25";10;11;0.0501292811;190.99;9.57;2;0.39;0.90;0.39;0.9
2;"M2-1 s25";11;1;0.0766509986;190.99;14.64;2;0.29;0.91;0.29;0.91
2;"M2-1 s25";12;13;0.0456686546;190.99;8.72;1;0.14;;0.14;
2;"M2-1 s25";13;14;0.0432092993;190.99;8.25;1;0.84;;0.84;
2;"M2-1 s25";14;12;0.0460103952;190.99;8.79;1;0.84;;0.84;
2;"M2-1 s25";15;16;0.0402296212;190.99;7.68;1;0.42;;0.42;
2;"M2-1 s25";16;17;0.0342784492;190.99;6.55;1;0.51;;0.51;
2;"M2-1 s25";17;15;0.0412602016;190.99;7.88;1;0.78;;0.78;
2;"M2-1 s25";18;18;0.0340194791;190.99;6.50;1;0.66;;0.66;
2;"M2-1 s25";19;19;0.0307692525;190.99;5.88;1;0.79;;0.79;
2;"M2-1 s29";1;2;0.0734302707;156.79;11.51;2;0.12;0.83;0.12;0.83
2;"M2-1 s29";2;1;0.0765001305;156.79;11.99;1;0.56;;0.56;
2;"M2-1 s29";3;6;0.0569624575;156.79;8.93;1;0.41;;0.41;
2;"M2-1 s29";4;3;0.0672685755;156.79;10.55;1;0.72;;0.72;
2;"M2-1 s29";5;4;0.0649124535;156.79;10.18;2;0.21;0.71;0.21;0.71
2;"M2-1 s29";6;10;0.0542112130;156.79;8.50;1;0.47;;0.47;
2;"M2-1 s29";7;5;0.0615062085;156.79;9.64;1;0.40;;0.4;
2;"M2-1 s29";8;8;0.0554829961;156.79;8.70;1;0.82;;0.82;
2;"M2-1 s29";9;9;0.0546396553;156.79;8.57;1;0.82;;0.82;
2;"M2-1 s29";10;11;0.0541059278;156.79;8.48;1;0.29;;0.29;
2;"M2-1 s29";11;7;0.0563755019;156.79;8.84;1;0.39;;0.39;
2;"M2-1 s29";12;12;0.0477429494;156.79;7.49;1;0.86;;0.86;
2;"M2-1 s29";13;14;0.0456295058;156.79;7.15;1;0.37;;0.37;
2;"M2-1 s29";14;13;0.0476600980;156.79;7.47;1;0.35;;0.35;
2;"M2-1 s29";15;15;0.0399148680;156.79;6.26;1;0.86;;0.86;
2;"M2-1 s29";16;18;0.0347572876;156.79;5.45;1;0.62;;0.62;
2;"M2-1 s29";17;16;0.0391992971;156.79;6.15;1;0.81;;0.81;
2;"M2-1 s29";18;17;0.0389990831;156.79;6.11;1;0.83;;0.83;
2;"M2-1 s29";19;19;0.0307015207;156.79;4.81;1;1.00;;1;
2;"m2-1 s31";1;2;0.0713176750;163.31;11.65;2;0.28;0.84;0.28;0.84
2;"m2-1 s31";2;1;0.0810954398;163.31;13.24;1;0.52;;0.52;
2;"m2-1 s31";3;8;0.0564148587;163.31;9.21;1;0.51;;0.51;
2;"m2-1 s31";4;3;0.0650754745;163.31;10.63;1;0.61;;0.61;
2;"m2-1 s31";5;4;0.0618415350;163.31;10.10;1;0.33;;0.33;
2;"m2-1 s31";6;5;0.0604258310;163.31;9.87;1;0.51;;0.51;
2;"m2-1 s31";7;7;0.0573401767;163.31;9.36;2;0.20;0.92;0.2;0.92
2;"m2-1 s31";8;10;0.0529962252;163.31;8.65;2;0.28;0.95;0.28;0.95
2;"m2-1 s31";9;9;0.0556284793;163.31;9.08;1;0.47;;0.47;
2;"m2-1 s31";10;11;0.0495551930;163.31;8.09;1;0.91;;0.91;
2;"m2-1 s31";11;6;0.0598245660;163.31;9.77;1;0.33;;0.33;
2;"m2-1 s31";12;13;0.0468306653;163.31;7.65;1;0.84;;0.84;
2;"m2-1 s31";13;12;0.0476502469;163.31;7.78;1;0.30;;0.3;
2;"m2-1 s31";14;15;0.0442165766;163.31;7.22;2;0.44;0.91;0.44;0.91
2;"m2-1 s31";15;16;0.0428017134;163.31;6.99;1;0.96;;0.96;
2;"m2-1 s31";16;17;0.0368305363;163.31;6.01;1;0.84;;0.84;
2;"m2-1 s31";17;14;0.0465108164;163.31;7.60;1;0.83;;0.83;
2;"m2-1 s31";18;18;0.0361437241;163.31;5.90;1;0.89;;0.89;
2;"m2-1 s31";19;19;0.0275002666;163.31;4.49;1;0.50;;0.5;
2;"m2-1 s33";1;1;0.0727087939;163.83;11.91;1;0.99;;0.99;
2;"m2-1 s33";2;2;0.0699679746;163.83;11.46;1;0.55;;0.55;
2;"m2-1 s33";3;8;0.0564905083;163.83;9.26;1;0.36;;0.36;
2;"m2-1 s33";4;3;0.0672148663;163.83;11.01;2;0.12;0.95;0.12;0.95
2;"m2-1 s33";5;4;0.0661363961;163.83;10.84;1;0.36;;0.36;
2;"m2-1 s33";6;10;0.0525444013;163.83;8.61;1;0.78;;0.78;
2;"m2-1 s33";7;7;0.0583530485;163.83;9.56;1;0.27;;0.27;
2;"m2-1 s33";8;12;0.0499066011;163.83;8.18;1;0.89;;0.89;
2;"m2-1 s33";9;5;0.0624035682;163.83;10.22;1;0.50;;0.5;
2;"m2-1 s33";10;9;0.0527417758;163.83;8.64;1;0.43;;0.43;
2;"m2-1 s33";11;6;0.0597091567;163.83;9.78;1;0.40;;0.4;
2;"m2-1 s33";12;11;0.0505709677;163.83;8.29;2;0.39;0.94;0.39;0.94
2;"m2-1 s33";13;15;0.0447435898;163.83;7.33;1;0.97;;0.97;
2;"m2-1 s33";14;16;0.0429988234;163.83;7.04;1;0.52;;0.52;
2;"m2-1 s33";15;13;0.0475020971;163.83;7.78;1;0.32;;0.32;
2;"m2-1 s33";16;17;0.0366953707;163.83;6.01;1;0.58;;0.58;
2;"m2-1 s33";17;14;0.0459875377;163.83;7.53;1;0.62;;0.62;
2;"m2-1 s33";18;18;0.0346877208;163.83;5.68;1;0.73;;0.73;
2;"m2-1 s33";19;19;0.0286368019;163.83;4.69;1;0.83;;0.83;
2;"m2-1 s36 top";1;2;0.0793630816;213.46;16.94;2;0.35;0.95;0.35;0.95
2;"m2-1 s36 top";2;1;0.0920305973;213.46;19.64;2;0.16;0.89;0.16;0.89
2;"m2-1 s36 top";3;9;0.0517330529;213.46;11.04;1;0.56;;0.56;
2;"m2-1 s36 top";4;5;0.0617451764;213.46;13.18;1;0.74;;0.74;
2;"m2-1 s36 top";5;3;0.0683774835;213.46;14.60;1;0.73;;0.73;
2;"m2-1 s36 top";6;16;0.0408082460;213.46;8.71;1;0.93;;0.93;
2;"m2-1 s36 top";7;7;0.0571486159;213.46;12.20;1;0.64;;0.64;
2;"m2-1 s36 top";8;11;0.0460854602;213.46;9.84;1;0.18;;0.18;
2;"m2-1 s36 top";9;8;0.0521375175;213.46;11.13;1;0.89;;0.89;
2;"m2-1 s36 top";10;6;0.0578546136;213.46;12.35;1;0.50;;0.5;
2;"m2-1 s36 top";11;4;0.0681714410;213.46;14.55;2;0.13;1.00;0.13;1
2;"m2-1 s36 top";12;15;0.0426997209;213.46;9.11;1;1.00;;1;
2;"m2-1 s36 top";13;12;0.0458323118;213.46;9.78;1;0.58;;0.58;
2;"m2-1 s36 top";14;14;0.0439062496;213.46;9.37;1;0.81;;0.81;
2;"m2-1 s36 top";15;13;0.0450726497;213.46;9.62;1;1.00;;1;
2;"m2-1 s36 top";16;17;0.0354286237;213.46;7.56;1;1.00;;1;
2;"m2-1 s36 top";17;10;0.0510212595;213.46;10.89;1;0.34;;0.34;
2;"m2-1 s36 top";18;18;0.0333331329;213.46;7.12;1;0.79;;0.79;
2;"m2-1 s36 top";19;19;0.0272507660;213.46;5.82;1;0.94;;0.94;
2;"m2-1 s38";1;2;0.0774370854;166.94;12.93;2;0.14;0.91;0.14;0.91
2;"m2-1 s38";2;3;0.0714555605;166.94;11.93;2;0.29;0.97;0.29;0.97
2;"m2-1 s38";3;7;0.0598107343;166.94;9.98;1;0.29;;0.29;
2;"m2-1 s38";4;5;0.0616401655;166.94;10.29;1;0.80;;0.8;
2;"m2-1 s38";5;4;0.0639658598;166.94;10.68;1;0.60;;0.6;
2;"m2-1 s38";6;8;0.0553436977;166.94;9.24;1;0.93;;0.93;
2;"m2-1 s38";7;6;0.0615383344;166.94;10.27;2;0.15;0.86;0.15;0.86
2;"m2-1 s38";8;9;0.0525789828;166.94;8.78;1;0.30;;0.3;
2;"m2-1 s38";9;11;0.0520377485;166.94;8.69;1;0.92;;0.92;
2;"m2-1 s38";10;10;0.0521320908;166.94;8.70;1;0.73;;0.73;
2;"m2-1 s38";11;1;0.0795360100;166.94;13.28;1;0.47;;0.47;
2;"m2-1 s38";12;13;0.0447949694;166.94;7.48;1;0.33;;0.33;
2;"m2-1 s38";13;14;0.0435981785;166.94;7.28;1;1.00;;1;
2;"m2-1 s38";14;12;0.0467707440;166.94;7.81;1;0.69;;0.69;
2;"m2-1 s38";15;15;0.0421897488;166.94;7.04;1;0.41;;0.41;
2;"m2-1 s38";16;17;0.0338869579;166.94;5.66;1;0.43;;0.43;
2;"m2-1 s38";17;16;0.0393738075;166.94;6.57;1;0.84;;0.84;
2;"m2-1 s38";18;19;0.0301392239;166.94;5.03;1;0.68;;0.68;
2;"m2-1 s38";19;18;0.0317701002;166.94;5.30;1;0.84;;0.84;
2;"M2-1 s4";1;4;0.0704947797;145.10;10.23;1;0.19;;0.19;
2;"M2-1 s4";2;5;0.0672021493;145.10;9.75;1;0.33;;0.33;
2;"M2-1 s4";3;9;0.0530599072;145.10;7.70;0;;;;
2;"M2-1 s4";4;3;0.0747832396;145.10;10.85;1;0.66;;0.66;
2;"M2-1 s4";5;1;0.0793756420;145.10;11.52;1;0.61;;0.61;
2;"M2-1 s4";6;7;0.0548249902;145.10;7.96;2;0.15;1.00;0.15;1
2;"M2-1 s4";7;6;0.0587529708;145.10;8.53;1;0.56;;0.56;
2;"M2-1 s4";8;10;0.0524687366;145.10;7.61;1;0.96;;0.96;
2;"M2-1 s4";9;8;0.0545881259;145.10;7.92;1;0.59;;0.59;
2;"M2-1 s4";10;11;0.0509676090;145.10;7.40;1;0.64;;0.64;
2;"M2-1 s4";11;2;0.0761391632;145.10;11.05;1;0.95;;0.95;
2;"M2-1 s4";12;12;0.0465066671;145.10;6.75;1;0.64;;0.64;
2;"M2-1 s4";13;16;0.0397360279;145.10;5.77;1;0.40;;0.4;
2;"M2-1 s4";14;13;0.0433619916;145.10;6.29;1;0.86;;0.86;
2;"M2-1 s4";15;14;0.0421326759;145.10;6.11;1;0.57;;0.57;
2;"M2-1 s4";16;18;0.0310940987;145.10;4.51;1;1.00;;1;
2;"M2-1 s4";17;15;0.0400302323;145.10;5.81;0;;;0;
2;"M2-1 s4";18;17;0.0353706856;145.10;5.13;1;0.78;;0.78;
2;"M2-1 s4";19;19;0.0291103073;145.10;4.22;1;0.92;;0.92;
2;"M2-1 s7";1;4;0.0708636428;222.92;15.80;1;0.65;;0.65;
2;"M2-1 s7";2;3;0.0731341400;222.92;16.30;1;0.46;;0.46;
2;"M2-1 s7";3;8;0.0565407716;222.92;12.60;1;0.94;;0.94;
2;"M2-1 s7";4;9;0.0556948754;222.92;12.42;1;0.68;;0.68;
2;"M2-1 s7";5;1;0.0847827257;222.92;18.90;1;0.65;;0.65;
2;"M2-1 s7";6;11;0.0473471330;222.92;10.55;1;0.95;;0.95;
2;"M2-1 s7";7;7;0.0586612351;222.92;13.08;1;0.71;;0.71;
2;"M2-1 s7";8;6;0.0607867409;222.92;13.55;1;0.82;;0.82;
2;"M2-1 s7";9;10;0.0490889486;222.92;10.94;1;0.50;;0.5;
2;"M2-1 s7";10;2;0.0836219641;222.92;18.64;1;0.35;;0.35;
2;"M2-1 s7";11;5;0.0674323123;222.92;15.03;1;0.74;;0.74;
2;"M2-1 s7";12;14;0.0418798141;222.92;9.34;1;0.63;;0.63;
2;"M2-1 s7";13;15;0.0386330409;222.92;8.61;1;0.94;;0.94;
2;"M2-1 s7";14;13;0.0421157124;222.92;9.39;1;0.33;;0.33;
2;"M2-1 s7";15;12;0.0435735118;222.92;9.71;1;0.84;;0.84;
2;"M2-1 s7";16;16;0.0339225878;222.92;7.56;1;0.45;;0.45;
2;"M2-1 s7";17;18;0.0292619860;222.92;6.52;1;0.31;;0.31;
2;"M2-1 s7";18;17;0.0334333217;222.92;7.45;1;0.82;;0.82;
2;"M2-1 s7";19;19;0.0292255359;222.92;6.51;1;0.49;;0.49;
2;"M2-1 s9";1;3;0.0675267019;153.53;10.37;0;;;;
2;"M2-1 s9";2;2;0.0768120253;153.53;11.79;1;0.60;;0.6;
2;"M2-1 s9";3;7;0.0583268223;153.53;8.95;1;0.33;;0.33;
2;"M2-1 s9";4;5;0.0634935024;153.53;9.75;1;0.35;;0.35;
2;"M2-1 s9";5;1;0.0811567260;153.53;12.46;1;0.83;;0.83;
2;"M2-1 s9";6;9;0.0527672426;153.53;8.10;1;0.09;;0.09;
2;"M2-1 s9";7;4;0.0641421506;153.53;9.85;1;0.92;;0.92;
2;"M2-1 s9";8;11;0.0494693101;153.53;7.59;1;0.31;;0.31;
2;"M2-1 s9";9;8;0.0550151102;153.53;8.45;1;0.87;;0.87;
2;"M2-1 s9";10;10;0.0502588738;153.53;7.72;1;0.52;;0.52;
2;"M2-1 s9";11;6;0.0606121599;153.53;9.31;1;0.63;;0.63;
2;"M2-1 s9";12;14;0.0429186628;153.53;6.59;1;0.95;;0.95;
2;"M2-1 s9";13;13;0.0463311893;153.53;7.11;1;0.58;;0.58;
2;"M2-1 s9";14;12;0.0466372308;153.53;7.16;1;0.74;;0.74;
2;"M2-1 s9";15;16;0.0387300403;153.53;5.95;1;0.58;;0.58;
2;"M2-1 s9";16;17;0.0380712317;153.53;5.85;1;0.70;;0.7;
2;"M2-1 s9";17;15;0.0421126885;153.53;6.47;1;0.85;;0.85;
2;"M2-1 s9";18;18;0.0345817685;153.53;5.31;1;0.61;;0.61;
2;"M2-1 s9";19;19;0.0310365631;153.53;4.76;1;0.88;;0.88;
2;"m2-2 s11";1;4;0.0713194255;212.53;15.16;2;0.50;0.97;0.5;0.97
2;"m2-2 s11";2;1;0.0842265471;212.53;17.90;2;0.29;0.76;0.29;0.76
2;"m2-2 s11";3;9;0.0511803830;212.53;10.88;1;0.55;;0.55;
2;"m2-2 s11";4;6;0.0624582062;212.53;13.27;2;0.07;0.99;0.07;0.99
2;"m2-2 s11";5;2;0.0746642105;212.53;15.87;2;0.21;0.77;0.21;0.77
2;"m2-2 s11";6;11;0.0452032570;212.53;9.61;1;0.40;;0.4;
2;"m2-2 s11";7;3;0.0721545758;212.53;15.34;2;0.29;0.97;0.29;0.97
2;"m2-2 s11";8;5;0.0692275275;212.53;14.71;2;0.31;0.99;0.31;0.99
2;"m2-2 s11";9;10;0.0509621298;212.53;10.83;1;0.91;;0.91;
2;"m2-2 s11";10;8;0.0544021912;212.53;11.56;1;0.78;;0.78;
2;"m2-2 s11";11;7;0.0580260306;212.53;12.33;1;0.58;;0.58;
2;"m2-2 s11";12;14;0.0422458644;212.53;8.98;1;0.37;;0.37;
2;"m2-2 s11";13;13;0.0439902381;212.53;9.35;1;0.25;;0.25;
2;"m2-2 s11";14;12;0.0447489570;212.53;9.51;1;0.35;;0.35;
2;"m2-2 s11";15;15;0.0401161938;212.53;8.53;1;0.89;;0.89;
2;"m2-2 s11";16;17;0.0342290640;212.53;7.27;1;0.28;;0.28;
2;"m2-2 s11";17;16;0.0400911373;212.53;8.52;1;0.76;;0.76;
2;"m2-2 s11";18;18;0.0316917440;212.53;6.74;1;0.84;;0.84;
2;"m2-2 s11";19;19;0.0290623172;212.53;6.18;1;0.91;;0.91;
2;"m2-2 s13";1;1;0.0964809964;113.77;10.98;1;0.63;;0.63;
2;"m2-2 s13";2;2;0.0777970783;113.77;8.85;2;0.31;0.83;0.31;0.83
2;"m2-2 s13";3;7;0.0573495836;113.77;6.52;1;0.94;;0.94;
2;"m2-2 s13";4;3;0.0661800525;113.77;7.53;2;0.34;0.93;0.34;0.93
2;"m2-2 s13";5;5;0.0618383992;113.77;7.04;2;0.12;0.80;0.12;0.8
2;"m2-2 s13";6;12;0.0497175165;113.77;5.66;1;0.27;;0.27;
2;"m2-2 s13";7;4;0.0624495270;113.77;7.10;1;0.56;;0.56;
2;"m2-2 s13";8;9;0.0528961273;113.77;6.02;1;0.75;;0.75;
2;"m2-2 s13";9;10;0.0515668115;113.77;5.87;1;0.33;;0.33;
2;"m2-2 s13";10;8;0.0531877298;113.77;6.05;1;0.99;;0.99;
2;"m2-2 s13";11;6;0.0581528867;113.77;6.62;1;0.89;;0.89;
2;"m2-2 s13";12;15;0.0423275910;113.77;4.82;1;0.52;;0.52;
2;"m2-2 s13";13;11;0.0513818203;113.77;5.85;2;0.23;0.84;0.23;0.84
2;"m2-2 s13";14;13;0.0463851767;113.77;5.28;2;0.24;0.98;0.24;0.98
2;"m2-2 s13";15;16;0.0382895792;113.77;4.36;1;0.96;;0.96;
2;"m2-2 s13";16;17;0.0320150874;113.77;3.64;2;0.27;0.81;0.27;0.81
2;"m2-2 s13";17;14;0.0427720807;113.77;4.87;1;0.78;;0.78;
2;"m2-2 s13";18;18;0.0318894915;113.77;3.63;1;0.82;;0.82;
2;"m2-2 s13";19;19;0.0273224643;113.77;3.11;1;0.90;;0.9;
2;"m2-2 s17";1;5;0.0640271774;166.32;10.65;2;0.07;0.85;0.07;0.85
2;"m2-2 s17";2;3;0.0716110585;166.32;11.91;2;0.29;0.98;0.29;0.98
2;"m2-2 s17";3;1;0.0752981935;166.32;12.52;1;0.69;;0.69;
2;"m2-2 s17";4;9;0.0565861339;166.32;9.41;1;0.92;;0.92;
2;"m2-2 s17";5;2;0.0751158888;166.32;12.49;1;0.56;;0.56;
2;"m2-2 s17";6;11;0.0495260068;166.32;8.24;1;0.19;;0.19;
2;"m2-2 s17";7;4;0.0679138167;166.32;11.30;1;0.69;;0.69;
2;"m2-2 s17";8;8;0.0583898792;166.32;9.71;1;0.22;;0.22;
2;"m2-2 s17";9;7;0.0591498213;166.32;9.84;1;0.60;;0.6;
2;"m2-2 s17";10;10;0.0533497408;166.32;8.87;2;0.18;0.91;0.18;0.91
2;"m2-2 s17";11;6;0.0619231101;166.32;10.30;2;0.11;0.92;0.11;0.92
2;"m2-2 s17";12;12;0.0452226312;166.32;7.52;1;0.94;;0.94;
2;"m2-2 s17";13;14;0.0418496680;166.32;6.96;1;0.58;;0.58;
2;"m2-2 s17";14;13;0.0438423983;166.32;7.29;1;0.86;;0.86;
2;"m2-2 s17";15;15;0.0397236309;166.32;6.61;1;0.40;;0.4;
2;"m2-2 s17";16;17;0.0363221520;166.32;6.04;1;0.75;;0.75;
2;"m2-2 s17";17;16;0.0369975739;166.32;6.15;1;0.73;;0.73;
2;"m2-2 s17";18;18;0.0344045934;166.32;5.72;1;0.96;;0.96;
2;"m2-2 s17";19;19;0.0287465252;166.32;4.78;1;0.81;;0.81;
2;"m2-2 s22";1;1;0.0809147283;239.86;19.41;2;0.50;0.93;0.5;0.93
2;"m2-2 s22";2;2;0.0704603248;239.86;16.90;2;0.32;0.97;0.32;0.97
2;"m2-2 s22";3;10;0.0504753683;239.86;12.11;2;0.39;0.84;0.39;0.84
2;"m2-2 s22";4;5;0.0659204822;239.86;15.81;2;0.35;0.88;0.35;0.88
2;"m2-2 s22";5;3;0.0682257857;239.86;16.36;1;0.74;;0.74;
2;"m2-2 s22";6;8;0.0539991599;239.86;12.95;2;0.44;0.96;0.44;0.96
2;"m2-2 s22";7;7;0.0601601948;239.86;14.43;1;0.39;;0.39;
2;"m2-2 s22";8;11;0.0502955058;239.86;12.06;1;0.70;;0.7;
2;"m2-2 s22";9;6;0.0610247011;239.86;14.64;1;0.75;;0.75;
2;"m2-2 s22";10;9;0.0511271289;239.86;12.26;1;0.46;;0.46;
2;"m2-2 s22";11;4;0.0673716615;239.86;16.16;1;0.70;;0.7;
2;"m2-2 s22";12;12;0.0470130106;239.86;11.28;1;0.99;;0.99;
2;"m2-2 s22";13;14;0.0453734767;239.86;10.88;1;0.90;;0.9;
2;"m2-2 s22";14;13;0.0455342456;239.86;10.92;1;0.96;;0.96;
2;"m2-2 s22";15;16;0.0399538475;239.86;9.58;1;0.41;;0.41;
2;"m2-2 s22";16;17;0.0375340884;239.86;9.00;1;0.67;;0.67;
2;"m2-2 s22";17;15;0.0400310008;239.86;9.60;1;0.97;;0.97;
2;"m2-2 s22";18;18;0.0345245283;239.86;8.28;1;0.80;;0.8;
2;"m2-2 s22";19;19;0.0300607608;239.86;7.21;1;0.97;;0.97;
2;"m2-2 s24";1;2;0.0743413900;222.61;16.55;2;0.09;0.81;0.09;0.81
2;"m2-2 s24";2;1;0.0817509688;222.61;18.20;1;0.54;;0.54;
2;"m2-2 s24";3;9;0.0567339650;222.61;12.63;2;0.15;0.95;0.15;0.95
2;"m2-2 s24";4;4;0.0723078055;222.61;16.10;2;0.15;0.98;0.15;0.98
2;"m2-2 s24";5;3;0.0741282003;222.61;16.50;2;0.10;0.89;0.1;0.89
2;"m2-2 s24";6;8;0.0569629234;222.61;12.68;1;0.93;;0.93;
2;"m2-2 s24";7;5;0.0588821470;222.61;13.11;1;0.77;;0.77;
2;"m2-2 s24";8;7;0.0571649624;222.61;12.73;2;0.11;0.96;0.11;0.96
2;"m2-2 s24";9;10;0.0547736166;222.61;12.19;1;0.59;;0.59;
2;"m2-2 s24";10;11;0.0513576623;222.61;11.43;2;0.37;0.95;0.37;0.95
2;"m2-2 s24";11;6;0.0580681826;222.61;12.93;1;0.46;;0.46;
2;"m2-2 s24";12;13;0.0452456149;222.61;10.07;1;0.99;;0.99;
2;"m2-2 s24";13;16;0.0382891270;222.61;8.52;1;0.43;;0.43;
2;"m2-2 s24";14;15;0.0400664894;222.61;8.92;1;0.98;;0.98;
2;"m2-2 s24";15;12;0.0455632195;222.61;10.14;1;0.49;;0.49;
2;"m2-2 s24";16;17;0.0357194275;222.61;7.95;1;0.98;;0.98;
2;"m2-2 s24";17;14;0.0409178857;222.61;9.11;1;0.43;;0.43;
2;"m2-2 s24";18;18;0.0299123568;222.61;6.66;1;0.95;;0.95;
2;"m2-2 s24";19;19;0.0278140554;222.61;6.19;1;0.71;;0.71;
2;"m2-2 s26";1;2;0.0707363595;185.29;13.11;2;0.20;0.94;0.2;0.94
2;"m2-2 s26";2;1;0.0833277945;185.29;15.44;2;0.24;0.94;0.24;0.94
2;"m2-2 s26";3;8;0.0560946625;185.29;10.39;1;0.67;;0.67;
2;"m2-2 s26";4;4;0.0624008129;185.29;11.56;2;0.13;0.95;0.13;0.95
2;"m2-2 s26";5;3;0.0658074344;185.29;12.19;1;0.70;;0.7;
2;"m2-2 s26";6;10;0.0514279893;185.29;9.53;2;0.12;0.87;0.12;0.87
2;"m2-2 s26";7;5;0.0619657164;185.29;11.48;2;0.30;0.86;0.3;0.86
2;"m2-2 s26";8;11;0.0510214002;185.29;9.45;2;0.54;0.80;0.54;0.8
2;"m2-2 s26";9;9;0.0544184590;185.29;10.08;1;0.86;;0.86;
2;"m2-2 s26";10;6;0.0594810903;185.29;11.02;1;0.77;;0.77;
2;"m2-2 s26";11;7;0.0593091848;185.29;10.99;2;0.22;0.99;0.22;0.99
2;"m2-2 s26";12;13;0.0459518855;185.29;8.51;1;0.69;;0.69;
2;"m2-2 s26";13;16;0.0402097478;185.29;7.45;1;0.60;;0.6;
2;"m2-2 s26";14;12;0.0505249643;185.29;9.36;1;0.94;;0.94;
2;"m2-2 s26";15;15;0.0436605217;185.29;8.09;1;0.87;;0.87;
2;"m2-2 s26";16;17;0.0376565369;185.29;6.98;1;0.73;;0.73;
2;"m2-2 s26";17;14;0.0441684415;185.29;8.18;1;0.99;;0.99;
2;"m2-2 s26";18;18;0.0319454393;185.29;5.92;1;0.57;;0.57;
2;"m2-2 s26";19;19;0.0298915590;185.29;5.54;1;0.26;;0.26;
2;"m2-2 s29 bottom";1;1;0.0800313891;104.35;8.35;2;0.40;0.95;0.4;0.95
2;"m2-2 s29 bottom";2;2;0.0686804615;104.35;7.17;2;0.04;0.97;0.04;0.97
2;"m2-2 s29 bottom";3;8;0.0551772127;104.35;5.76;2;0.15;0.97;0.15;0.97
2;"m2-2 s29 bottom";4;3;0.0648973544;104.35;6.77;1;0.54;;0.54;
2;"m2-2 s29 bottom";5;4;0.0643083383;104.35;6.71;2;0.15;0.85;0.15;0.85
2;"m2-2 s29 bottom";6;9;0.0540509501;104.35;5.64;1;0.57;;0.57;
2;"m2-2 s29 bottom";7;5;0.0638252479;104.35;6.66;1;0.75;;0.75;
2;"m2-2 s29 bottom";8;10;0.0522438969;104.35;5.45;1;0.49;;0.49;
2;"m2-2 s29 bottom";9;6;0.0601260674;104.35;6.27;1;0.55;;0.55;
2;"m2-2 s29 bottom";10;11;0.0513606482;104.35;5.36;2;0.31;0.89;0.31;0.89
2;"m2-2 s29 bottom";11;7;0.0574789067;104.35;6.00;1;0.33;;0.33;
2;"m2-2 s29 bottom";12;12;0.0482529468;104.35;5.03;2;0.12;0.88;0.12;0.88
2;"m2-2 s29 bottom";13;13;0.0461588511;104.35;4.82;1;0.75;;0.75;
2;"m2-2 s29 bottom";14;15;0.0446487077;104.35;4.66;1;0.92;;0.92;
2;"m2-2 s29 bottom";15;14;0.0447628790;104.35;4.67;1;0.97;;0.97;
2;"m2-2 s29 bottom";16;17;0.0379951302;104.35;3.96;1;0.99;;0.99;
2;"m2-2 s29 bottom";17;16;0.0400383896;104.35;4.18;1;0.68;;0.68;
2;"m2-2 s29 bottom";18;18;0.0367577253;104.35;3.84;2;0.20;0.94;0.2;0.94
2;"m2-2 s29 bottom";19;19;0.0292048972;104.35;3.05;1;0.93;;0.93;
2;"m2-2 s29top";1;1;0.0794578135;103.60;8.23;1;0.55;;0.55;
2;"m2-2 s29top";2;2;0.0734991065;103.60;7.61;2;0.15;0.94;0.15;0.94
2;"m2-2 s29top";3;8;0.0568319817;103.60;5.89;1;0.96;;0.96;
2;"m2-2 s29top";4;4;0.0658730415;103.60;6.82;2;0.32;0.94;0.32;0.94
2;"m2-2 s29top";5;3;0.0661838808;103.60;6.86;1;0.54;;0.54;
2;"m2-2 s29top";6;11;0.0529377608;103.60;5.48;1;0.59;;0.59;
2;"m2-2 s29top";7;6;0.0580805780;103.60;6.02;2;0.13;0.90;0.13;0.9
2;"m2-2 s29top";8;7;0.0576063913;103.60;5.97;1;0.69;;0.69;
2;"m2-2 s29top";9;10;0.0532039766;103.60;5.51;1;0.36;;0.36;
2;"m2-2 s29top";10;9;0.0534509624;103.60;5.54;2;0.12;0.97;0.12;0.97
2;"m2-2 s29top";11;5;0.0620857722;103.60;6.43;2;0.38;0.99;0.38;0.99
2;"m2-2 s29top";12;12;0.0495307471;103.60;5.13;1;0.99;;0.99;
2;"m2-2 s29top";13;16;0.0401468441;103.60;4.16;1;0.86;;0.86;
2;"m2-2 s29top";14;13;0.0460625917;103.60;4.77;1;0.86;;0.86;
2;"m2-2 s29top";15;14;0.0448437957;103.60;4.65;1;0.98;;0.98;
2;"m2-2 s29top";16;17;0.0354619575;103.60;3.67;1;0.62;;0.62;
2;"m2-2 s29top";17;15;0.0427016961;103.60;4.42;1;0.39;;0.39;
2;"m2-2 s29top";18;18;0.0323254278;103.60;3.35;1;0.79;;0.79;
2;"m2-2 s29top";19;19;0.0297156747;103.60;3.08;1;0.95;;0.95;
2;"m2-2 s31";1;2;0.0725285580;160.97;11.67;2;0.15;0.71;0.15;0.71
2;"m2-2 s31";2;1;0.0764511999;160.97;12.31;2;0.07;0.78;0.07;0.78
2;"m2-2 s31";3;7;0.0583230347;160.97;9.39;1;0.18;;0.18;
2;"m2-2 s31";4;6;0.0596453119;160.97;9.60;2;0.21;0.97;0.21;0.97
2;"m2-2 s31";5;4;0.0655378480;160.97;10.55;2;0.33;0.97;0.33;0.97
2;"m2-2 s31";6;10;0.0507063367;160.97;8.16;1;0.22;;0.22;
2;"m2-2 s31";7;3;0.0655675196;160.97;10.55;1;0.92;;0.92;
2;"m2-2 s31";8;8;0.0547327496;160.97;8.81;1;0.72;;0.72;
2;"m2-2 s31";9;9;0.0544107560;160.97;8.76;1;0.48;;0.48;
2;"m2-2 s31";10;11;0.0501484484;160.97;8.07;1;0.91;;0.91;
2;"m2-2 s31";11;5;0.0652215963;160.97;10.50;1;0.92;;0.92;
2;"m2-2 s31";12;12;0.0478053891;160.97;7.70;1;0.82;;0.82;
2;"m2-2 s31";13;15;0.0439274528;160.97;7.07;1;0.78;;0.78;
2;"m2-2 s31";14;13;0.0456052034;160.97;7.34;1;0.90;;0.9;
2;"m2-2 s31";15;16;0.0429374927;160.97;6.91;1;0.55;;0.55;
2;"m2-2 s31";16;17;0.0377079547;160.97;6.07;1;0.73;;0.73;
2;"m2-2 s31";17;14;0.0440460299;160.97;7.09;1;0.67;;0.67;
2;"m2-2 s31";18;18;0.0366428142;160.97;5.90;1;0.45;;0.45;
2;"m2-2 s31";19;19;0.0280543041;160.97;4.52;1;1.00;;1;
2;"m2-2 s32";1;2;0.0676396408;173.65;11.75;2;0.20;0.98;0.2;0.98
2;"m2-2 s32";2;1;0.0784956861;173.65;13.63;2;0.12;0.58;0.12;0.58
2;"m2-2 s32";3;8;0.0545333420;173.65;9.47;1;0.52;;0.52;
2;"m2-2 s32";4;4;0.0630374001;173.65;10.95;1;0.48;;0.48;
2;"m2-2 s32";5;6;0.0613786754;173.65;10.66;2;0.21;0.78;0.21;0.78
2;"m2-2 s32";6;10;0.0522139699;173.65;9.07;1;0.63;;0.63;
2;"m2-2 s32";7;3;0.0665868040;173.65;11.56;1;0.60;;0.6;
2;"m2-2 s32";8;11;0.0503916921;173.65;8.75;1;0.79;;0.79;
2;"m2-2 s32";9;7;0.0582595639;173.65;10.12;1;0.77;;0.77;
2;"m2-2 s32";10;9;0.0531020677;173.65;9.22;1;0.82;;0.82;
2;"m2-2 s32";11;5;0.0625189331;173.65;10.86;1;0.56;;0.56;
2;"m2-2 s32";12;12;0.0471406679;173.65;8.19;1;0.29;;0.29;
2;"m2-2 s32";13;15;0.0461441444;173.65;8.01;1;0.34;;0.34;
2;"m2-2 s32";14;16;0.0408298699;173.65;7.09;1;0.94;;0.94;
2;"m2-2 s32";15;14;0.0461802618;173.65;8.02;1;0.82;;0.82;
2;"m2-2 s32";16;17;0.0375265496;173.65;6.52;1;0.33;;0.33;
2;"m2-2 s32";17;13;0.0462484610;173.65;8.03;1;0.71;;0.71;
2;"m2-2 s32";18;18;0.0356147275;173.65;6.18;1;0.86;;0.86;
2;"m2-2 s32";19;19;0.0321575429;173.65;5.58;1;0.35;;0.35;
2;"m2-2 s35";1;2;0.0702731592;180.54;12.69;2;0.36;0.96;0.36;0.96
2;"m2-2 s35";2;1;0.0770957367;180.54;13.92;1;0.65;;0.65;
2;"m2-2 s35";3;7;0.0582434644;180.54;10.52;1;0.32;;0.32;
2;"m2-2 s35";4;3;0.0698458606;180.54;12.61;2;0.14;0.84;0.14;0.84
2;"m2-2 s35";5;6;0.0618062786;180.54;11.16;2;0.40;0.81;0.4;0.81
2;"m2-2 s35";6;9;0.0547961887;180.54;9.89;1;0.73;;0.73;
2;"m2-2 s35";7;5;0.0636904563;180.54;11.50;1;0.45;;0.45;
2;"m2-2 s35";8;11;0.0515956490;180.54;9.31;1;0.64;;0.64;
2;"m2-2 s35";9;8;0.0555218783;180.54;10.02;2;0.27;0.80;0.27;0.8
2;"m2-2 s35";10;10;0.0546478641;180.54;9.87;2;0.28;0.73;0.28;0.73
2;"m2-2 s35";11;4;0.0637232424;180.54;11.50;2;0.13;0.95;0.13;0.95
2;"m2-2 s35";12;12;0.0468678479;180.54;8.46;1;0.95;;0.95;
2;"m2-2 s35";13;15;0.0431466381;180.54;7.79;1;0.53;;0.53;
2;"m2-2 s35";14;16;0.0414972244;180.54;7.49;1;0.84;;0.84;
2;"m2-2 s35";15;13;0.0434293877;180.54;7.84;1;0.27;;0.27;
2;"m2-2 s35";16;17;0.0378772555;180.54;6.84;1;0.69;;0.69;
2;"m2-2 s35";17;14;0.0433747441;180.54;7.83;1;0.65;;0.65;
2;"m2-2 s35";18;18;0.0343740807;180.54;6.21;1;0.40;;0.4;
2;"m2-2 s35";19;19;0.0281930434;180.54;5.09;1;0.94;;0.94;
2;"m2-2 s36";1;1;0.0809050540;184.04;14.89;2;0.09;0.95;0.09;0.95
2;"m2-2 s36";2;2;0.0793922875;184.04;14.61;2;0.52;0.89;0.52;0.89
2;"m2-2 s36";3;8;0.0564059155;184.04;10.38;2;0.14;0.83;0.14;0.83
2;"m2-2 s36";4;7;0.0599716905;184.04;11.04;1;0.36;;0.36;
2;"m2-2 s36";5;4;0.0633415989;184.04;11.66;1;0.60;;0.6;
2;"m2-2 s36";6;9;0.0532855197;184.04;9.81;2;0.24;0.90;0.24;0.9
2;"m2-2 s36";7;6;0.0607656260;184.04;11.18;2;0.19;0.79;0.19;0.79
2;"m2-2 s36";8;10;0.0522178810;184.04;9.61;1;0.71;;0.71;
2;"m2-2 s36";9;5;0.0612085940;184.04;11.26;1;0.56;;0.56;
2;"m2-2 s36";10;11;0.0488139809;184.04;8.98;2;0.17;0.98;0.17;0.98
2;"m2-2 s36";11;3;0.0645637400;184.04;11.88;2;0.24;0.83;0.24;0.83
2;"m2-2 s36";12;12;0.0456492806;184.04;8.40;1;0.85;;0.85;
2;"m2-2 s36";13;13;0.0445284729;184.04;8.20;1;0.69;;0.69;
2;"m2-2 s36";14;14;0.0440214071;184.04;8.10;1;0.73;;0.73;
2;"m2-2 s36";15;15;0.0419262884;184.04;7.72;1;0.34;;0.34;
2;"m2-2 s36";16;18;0.0353627446;184.04;6.51;1;0.27;;0.27;
2;"m2-2 s36";17;16;0.0402473710;184.04;7.41;1;0.77;;0.77;
2;"m2-2 s36";18;17;0.0386442606;184.04;7.11;1;0.80;;0.8;
2;"m2-2 s36";19;19;0.0287482869;184.04;5.29;1;0.89;;0.89;
2;"m2-2 s37";1;4;0.0676441006;185.41;12.54;2;0.19;0.99;0.19;0.99
2;"m2-2 s37";2;2;0.0780576200;185.41;14.47;1;0.68;;0.68;
2;"m2-2 s37";3;10;0.0505808440;185.41;9.38;1;0.86;;0.86;
2;"m2-2 s37";4;7;0.0603941161;185.41;11.20;1;0.18;;0.18;
2;"m2-2 s37";5;1;0.0802027257;185.41;14.87;2;0.17;0.97;0.17;0.97
2;"m2-2 s37";6;11;0.0467014877;185.41;8.66;1;0.58;;0.58;
2;"m2-2 s37";7;3;0.0734025198;185.41;13.61;1;0.67;;0.67;
2;"m2-2 s37";8;9;0.0555309581;185.41;10.30;1;0.81;;0.81;
2;"m2-2 s37";9;5;0.0624194547;185.41;11.57;1;0.32;;0.32;
2;"m2-2 s37";10;6;0.0617776061;185.41;11.45;1;0.36;;0.36;
2;"m2-2 s37";11;8;0.0579397047;185.41;10.74;2;0.32;0.94;0.32;0.94
2;"m2-2 s37";12;13;0.0422681947;185.41;7.84;1;0.91;;0.91;
2;"m2-2 s37";13;14;0.0416200267;185.41;7.72;1;0.50;;0.5;
2;"m2-2 s37";14;16;0.0403134197;185.41;7.47;1;0.71;;0.71;
2;"m2-2 s37";15;12;0.0449592044;185.41;8.34;1;0.53;;0.53;
2;"m2-2 s37";16;17;0.0354170548;185.41;6.57;1;0.91;;0.91;
2;"m2-2 s37";17;15;0.0404667983;185.41;7.50;1;0.95;;0.95;
2;"m2-2 s37";18;18;0.0319088464;185.41;5.92;1;0.79;;0.79;
2;"m2-2 s37";19;19;0.0283953173;185.41;5.26;1;0.98;;0.98;
2;"m2-2 s40";1;2;0.0771408447;185.49;14.31;1;0.64;;0.64;
2;"m2-2 s40";2;1;0.0789310724;185.49;14.64;2;0.50;0.95;0.5;0.95
2;"m2-2 s40";3;9;0.0555566471;185.49;10.31;2;0.19;0.92;0.19;0.92
2;"m2-2 s40";4;5;0.0601587337;185.49;11.16;1;0.64;;0.64;
2;"m2-2 s40";5;3;0.0665784841;185.49;12.35;1;0.68;;0.68;
2;"m2-2 s40";6;11;0.0504903337;185.49;9.37;1;0.90;;0.9;
2;"m2-2 s40";7;4;0.0662672726;185.49;12.29;2;0.33;0.86;0.33;0.86
2;"m2-2 s40";8;6;0.0593272959;185.49;11.00;1;0.36;;0.36;
2;"m2-2 s40";9;10;0.0540843092;185.49;10.03;1;0.72;;0.72;
2;"m2-2 s40";10;8;0.0565761268;185.49;10.49;1;0.86;;0.86;
2;"m2-2 s40";11;7;0.0575800295;185.49;10.68;2;0.27;0.99;0.27;0.99
2;"m2-2 s40";12;13;0.0431987746;185.49;8.01;1;0.37;;0.37;
2;"m2-2 s40";13;15;0.0414750716;185.49;7.69;1;0.80;;0.8;
2;"m2-2 s40";14;14;0.0419353310;185.49;7.78;1;0.63;;0.63;
2;"m2-2 s40";15;16;0.0406989878;185.49;7.55;1;0.98;;0.98;
2;"m2-2 s40";16;18;0.0363623716;185.49;6.74;1;0.57;;0.57;
2;"m2-2 s40";17;12;0.0459768462;185.49;8.53;1;0.74;;0.74;
2;"m2-2 s40";18;17;0.0365425820;185.49;6.78;1;0.82;;0.82;
2;"m2-2 s40";19;19;0.0311188857;185.49;5.77;1;0.97;;0.97;
2;"m2-2 s41";1;6;0.0595977012;197.26;11.76;2;0.29;0.80;0.29;0.8
2;"m2-2 s41";2;4;0.0778904176;197.26;15.36;2;0.07;0.87;0.07;0.87
2;"m2-2 s41";3;3;0.0795072027;197.26;15.68;1;0.59;;0.59;
2;"m2-2 s41";4;5;0.0713094435;197.26;14.07;1;0.16;;0.16;
2;"m2-2 s41";5;1;0.0834528918;197.26;16.46;1;0.32;;0.32;
2;"m2-2 s41";6;7;0.0552746943;197.26;10.90;1;0.80;;0.8;
2;"m2-2 s41";7;8;0.0544679445;197.26;10.74;1;0.51;;0.51;
2;"m2-2 s41";8;9;0.0513584854;197.26;10.13;2;0.09;0.92;0.09;0.92
2;"m2-2 s41";9;11;0.0455224200;197.26;8.98;1;0.83;;0.83;
2;"m2-2 s41";10;10;0.0463496594;197.26;9.14;1;0.91;;0.91;
2;"m2-2 s41";11;2;0.0814181738;197.26;16.06;1;0.56;;0.56;
2;"m2-2 s41";12;13;0.0414297027;197.26;8.17;1;0.87;;0.87;
2;"m2-2 s41";13;15;0.0399379350;197.26;7.88;1;0.62;;0.62;
2;"m2-2 s41";14;12;0.0417315197;197.26;8.23;1;0.85;;0.85;
2;"m2-2 s41";15;16;0.0380369092;197.26;7.50;1;0.26;;0.26;
2;"m2-2 s41";16;17;0.0345061508;197.26;6.81;1;0.49;;0.49;
2;"m2-2 s41";17;14;0.0401635229;197.26;7.92;1;0.16;;0.16;
2;"m2-2 s41";18;18;0.0297331576;197.26;5.87;1;0.71;;0.71;
2;"m2-2 s41";19;19;0.0283120677;197.26;5.58;1;0.96;;0.96;
2;"m2-2 s43";1;4;0.0732729949;148.23;10.86;1;0.59;;0.59;
2;"m2-2 s43";2;5;0.0728515910;148.23;10.80;2;0.21;0.87;0.21;0.87
2;"m2-2 s43";3;9;0.0534390028;148.23;7.92;1;0.98;;0.98;
2;"m2-2 s43";4;2;0.0803188136;148.23;11.91;1;0.72;;0.72;
2;"m2-2 s43";5;11;0.0489063265;148.23;7.25;2;0.22;0.80;0.22;0.8
2;"m2-2 s43";6;12;0.0436657645;148.23;6.47;1;0.45;;0.45;
2;"m2-2 s43";7;3;0.0746908878;148.23;11.07;2;0.28;0.93;0.28;0.93
2;"m2-2 s43";8;10;0.0496645347;148.23;7.36;2;0.19;0.57;0.19;0.57
2;"m2-2 s43";9;6;0.0619926014;148.23;9.19;1;0.29;;0.29;
2;"m2-2 s43";10;13;0.0422158991;148.23;6.26;2;0.34;0.99;0.34;0.99
2;"m2-2 s43";11;1;0.0817337774;148.23;12.12;1;0.70;;0.7;
2;"m2-2 s43";12;8;0.0561420526;148.23;8.32;1;0.82;;0.82;
2;"m2-2 s43";13;7;0.0563992649;148.23;8.36;1;0.88;;0.88;
2;"m2-2 s43";14;14;0.0402427679;148.23;5.97;2;0.20;0.97;0.2;0.97
2;"m2-2 s43";15;15;0.0382342936;148.23;5.67;1;0.25;;0.25;
2;"m2-2 s43";16;18;0.0333105814;148.23;4.94;1;0.80;;0.8;
2;"m2-2 s43";17;16;0.0366811341;148.23;5.44;1;0.69;;0.69;
2;"m2-2 s43";18;17;0.0349195017;148.23;5.18;1;0.98;;0.98;
2;"m2-2 s43";19;19;0.0213182100;148.23;3.16;1;0.87;;0.87;
2;"m2-2 s44 bot";1;2;0.0715788668;206.19;14.76;1;0.49;;0.49;
2;"m2-2 s44 bot";2;1;0.0751983348;206.19;15.51;2;0.07;0.62;0.07;0.62
2;"m2-2 s44 bot";3;10;0.0549398167;206.19;11.33;1;0.93;;0.93;
2;"m2-2 s44 bot";4;5;0.0626900519;206.19;12.93;2;0.19;0.97;0.19;0.97
2;"m2-2 s44 bot";5;4;0.0628291198;206.19;12.95;1;0.80;;0.8;
2;"m2-2 s44 bot";6;7;0.0574120726;206.19;11.84;1;0.62;;0.62;
2;"m2-2 s44 bot";7;3;0.0680717262;206.19;14.04;1;0.35;;0.35;
2;"m2-2 s44 bot";8;8;0.0559623453;206.19;11.54;2;0.40;0.91;0.4;0.91
2;"m2-2 s44 bot";9;11;0.0542507555;206.19;11.19;2;0.19;0.96;0.19;0.96
2;"m2-2 s44 bot";10;9;0.0554977067;206.19;11.44;2;0.39;0.95;0.39;0.95
2;"m2-2 s44 bot";11;6;0.0615371572;206.19;12.69;2;0.37;0.95;0.37;0.95
2;"m2-2 s44 bot";12;13;0.0454667041;206.19;9.37;2;0.72;0.79;0.72;0.79
2;"m2-2 s44 bot";13;14;0.0449343005;206.19;9.27;1;0.92;;0.92;
2;"m2-2 s44 bot";14;12;0.0458596914;206.19;9.46;1;0.83;;0.83;
2;"m2-2 s44 bot";15;15;0.0431843960;206.19;8.90;1;0.99;;0.99;
2;"m2-2 s44 bot";16;17;0.0358530216;206.19;7.39;1;0.94;;0.94;
2;"m2-2 s44 bot";17;16;0.0413642956;206.19;8.53;1;0.54;;0.54;
2;"m2-2 s44 bot";18;18;0.0342099787;206.19;7.05;1;0.70;;0.7;
2;"m2-2 s44 bot";19;19;0.0291596582;206.19;6.01;1;0.99;;0.99;
2;"m2-2 s44 top";1;2;0.0732658700;198.64;14.55;1;0.46;;0.46;
2;"m2-2 s44 top";2;1;0.0783479754;198.64;15.56;2;0.10;0.84;0.1;0.84
2;"m2-2 s44 top";3;7;0.0574892900;198.64;11.42;2;0.27;0.97;0.27;0.97
2;"m2-2 s44 top";4;4;0.0631086826;198.64;12.54;2;0.07;0.89;0.07;0.89
2;"m2-2 s44 top";5;3;0.0639174260;198.64;12.70;2;0.31;0.99;0.31;0.99
2;"m2-2 s44 top";6;8;0.0557274926;198.64;11.07;1;0.93;;0.93;
2;"m2-2 s44 top";7;5;0.0592397164;198.64;11.77;1;0.75;;0.75;
2;"m2-2 s44 top";8;9;0.0544505474;198.64;10.82;1;0.98;;0.98;
2;"m2-2 s44 top";9;10;0.0532192950;198.64;10.57;1;0.80;;0.8;
2;"m2-2 s44 top";10;12;0.0523897223;198.64;10.41;2;0.36;0.82;0.36;0.82
2;"m2-2 s44 top";11;6;0.0588430753;198.64;11.69;2;0.12;0.98;0.12;0.98
2;"m2-2 s44 top";12;14;0.0443422833;198.64;8.81;1;0.76;;0.76;
2;"m2-2 s44 top";13;11;0.0526546854;198.64;10.46;1;0.82;;0.82;
2;"m2-2 s44 top";14;16;0.0429887791;198.64;8.54;1;0.63;;0.63;
2;"m2-2 s44 top";15;13;0.0453469364;198.64;9.01;1;0.98;;0.98;
2;"m2-2 s44 top";16;18;0.0352323479;198.64;7.00;1;0.33;;0.33;
2;"m2-2 s44 top";17;15;0.0432892775;198.64;8.60;1;0.19;;0.19;
2;"m2-2 s44 top";18;17;0.0386726736;198.64;7.68;1;0.51;;0.51;
2;"m2-2 s44 top";19;19;0.0274739238;198.64;5.46;1;0.77;;0.77;
2;"m2-2 s46";1;3;0.0814884486;154.85;12.62;1;0.64;;0.64;
2;"m2-2 s46";2;1;0.1006687645;154.85;15.59;1;0.70;;0.7;
2;"m2-2 s46";3;11;0.0480331536;154.85;7.44;1;0.74;;0.74;
2;"m2-2 s46";4;5;0.0623674097;154.85;9.66;2;0.04;0.99;0.04;0.99
2;"m2-2 s46";5;6;0.0588009793;154.85;9.11;2;0.12;0.95;0.12;0.95
2;"m2-2 s46";6;9;0.0553447524;154.85;8.57;2;0.18;0.99;0.18;0.99
2;"m2-2 s46";7;2;0.0909886242;154.85;14.09;2;0.28;0.31;0.28;0.31
2;"m2-2 s46";8;7;0.0580940168;154.85;9.00;1;0.55;;0.55;
2;"m2-2 s46";9;4;0.0803861347;154.85;12.45;1;0.84;;0.84;
2;"m2-2 s46";10;10;0.0515519460;154.85;7.98;1;0.96;;0.96;
2;"m2-2 s46";11;8;0.0571897497;154.85;8.86;1;0.74;;0.74;
2;"m2-2 s46";12;16;0.0310434350;154.85;4.81;1;0.28;;0.28;
2;"m2-2 s46";13;14;0.0331659617;154.85;5.14;1;0.99;;0.99;
2;"m2-2 s46";14;12;0.0425096977;154.85;6.58;1;0.94;;0.94;
2;"m2-2 s46";15;15;0.0311884625;154.85;4.83;1;0.77;;0.77;
2;"m2-2 s46";16;17;0.0298525047;154.85;4.62;1;0.96;;0.96;
2;"m2-2 s46";17;13;0.0411185556;154.85;6.37;1;0.74;;0.74;
2;"m2-2 s46";18;18;0.0255406281;154.85;3.95;1;0.23;;0.23;
2;"m2-2 s46";19;19;0.0206667752;154.85;3.20;1;0.60;;0.6;
2;"m2-2 s48";1;3;0.0731598985;110.44;8.08;1;0.41;;0.41;
2;"m2-2 s48";2;1;0.1024410751;110.44;11.31;1;1.00;;1;
2;"m2-2 s48";3;5;0.0596231694;110.44;6.58;1;0.16;;0.16;
2;"m2-2 s48";4;6;0.0594590041;110.44;6.57;1;0.35;;0.35;
2;"m2-2 s48";5;4;0.0616002209;110.44;6.80;1;0.47;;0.47;
2;"m2-2 s48";6;12;0.0473473680;110.44;5.23;1;0.54;;0.54;
2;"m2-2 s48";7;7;0.0542800207;110.44;5.99;1;0.97;;0.97;
2;"m2-2 s48";8;11;0.0493498148;110.44;5.45;1;0.66;;0.66;
2;"m2-2 s48";9;8;0.0510517398;110.44;5.64;1;0.91;;0.91;
2;"m2-2 s48";10;10;0.0499689108;110.44;5.52;1;0.38;;0.38;
2;"m2-2 s48";11;2;0.0835788020;110.44;9.23;2;0.20;0.98;0.2;0.98
2;"m2-2 s48";12;9;0.0504644853;110.44;5.57;1;0.72;;0.72;
2;"m2-2 s48";13;13;0.0467798284;110.44;5.17;1;0.85;;0.85;
2;"m2-2 s48";14;15;0.0406345852;110.44;4.49;1;0.94;;0.94;
2;"m2-2 s48";15;16;0.0364666104;110.44;4.03;1;0.58;;0.58;
2;"m2-2 s48";16;17;0.0348460019;110.44;3.85;1;0.54;;0.54;
2;"m2-2 s48";17;14;0.0414397584;110.44;4.58;1;0.93;;0.93;
2;"m2-2 s48";18;18;0.0315402925;110.44;3.48;1;0.45;;0.45;
2;"m2-2 s48";19;19;0.0259684138;110.44;2.87;1;0.94;;0.94;
2;"m2-2 s49";1;1;0.0864576648;106.68;9.22;1;0.73;;0.73;
2;"m2-2 s49";2;5;0.0635169627;106.68;6.78;1;0.32;;0.32;
2;"m2-2 s49";3;11;0.0550142003;106.68;5.87;1;0.58;;0.58;
2;"m2-2 s49";4;10;0.0553342899;106.68;5.90;1;0.64;;0.64;
2;"m2-2 s49";5;3;0.0697294183;106.68;7.44;1;0.48;;0.48;
2;"m2-2 s49";6;6;0.0632065397;106.68;6.74;1;0.64;;0.64;
2;"m2-2 s49";7;2;0.0832022259;106.68;8.88;1;0.10;;0.1;
2;"m2-2 s49";8;7;0.0611261294;106.68;6.52;1;0.97;;0.97;
2;"m2-2 s49";9;8;0.0592730035;106.68;6.32;2;0.26;0.95;0.26;0.95
2;"m2-2 s49";10;4;0.0649630446;106.68;6.93;2;0.45;0.92;0.45;0.92
2;"m2-2 s49";11;9;0.0555364053;106.68;5.92;1;0.86;;0.86;
2;"m2-2 s49";12;13;0.0401791376;106.68;4.29;1;0.92;;0.92;
2;"m2-2 s49";13;12;0.0429138978;106.68;4.58;1;0.97;;0.97;
2;"m2-2 s49";14;16;0.0383034165;106.68;4.09;1;0.62;;0.62;
2;"m2-2 s49";15;14;0.0390432094;106.68;4.17;1;0.98;;0.98;
2;"m2-2 s49";16;17;0.0300415555;106.68;3.20;1;0.42;;0.42;
2;"m2-2 s49";17;15;0.0384804377;106.68;4.11;1;0.99;;0.99;
2;"m2-2 s49";18;18;0.0297773107;106.68;3.18;1;0.90;;0.9;
2;"m2-2 s49";19;19;0.0239011504;106.68;2.55;1;0.76;;0.76;
2;"m2-2 s5 lower";1;3;0.0679801381;198.60;13.50;1;0.62;;0.62;
2;"m2-2 s5 lower";2;2;0.0733049718;198.60;14.56;2;0.26;0.95;0.26;0.95
2;"m2-2 s5 lower";3;5;0.0629720982;198.60;12.51;1;0.24;;0.24;
2;"m2-2 s5 lower";4;7;0.0608456740;198.60;12.08;1;0.72;;0.72;
2;"m2-2 s5 lower";5;4;0.0667862756;198.60;13.26;2;0.20;0.84;0.2;0.84
2;"m2-2 s5 lower";6;8;0.0566090299;198.60;11.24;1;0.53;;0.53;
2;"m2-2 s5 lower";7;1;0.0786138344;198.60;15.61;1;0.96;;0.96;
2;"m2-2 s5 lower";8;11;0.0497989794;198.60;9.89;1;0.81;;0.81;
2;"m2-2 s5 lower";9;10;0.0550470923;198.60;10.93;1;0.61;;0.61;
2;"m2-2 s5 lower";10;9;0.0553669084;198.60;11.00;1;0.24;;0.24;
2;"m2-2 s5 lower";11;6;0.0609587819;198.60;12.11;2;0.41;0.95;0.41;0.95
2;"m2-2 s5 lower";12;13;0.0437927573;198.60;8.70;1;0.84;;0.84;
2;"m2-2 s5 lower";13;16;0.0403651016;198.60;8.02;1;0.99;;0.99;
2;"m2-2 s5 lower";14;12;0.0465081031;198.60;9.24;1;0.97;;0.97;
2;"m2-2 s5 lower";15;15;0.0422533658;198.60;8.39;1;0.92;;0.92;
2;"m2-2 s5 lower";16;17;0.0344135285;198.60;6.83;1;0.89;;0.89;
2;"m2-2 s5 lower";17;14;0.0433166301;198.60;8.60;1;0.87;;0.87;
2;"m2-2 s5 lower";18;18;0.0329469595;198.60;6.54;1;0.52;;0.52;
2;"m2-2 s5 lower";19;19;0.0281197701;198.60;5.58;1;0.97;;0.97;
2;"m2-2 s51";1;1;0.0828741231;185.47;15.37;2;0.21;0.95;0.21;0.95
2;"m2-2 s51";2;3;0.0676705129;185.47;12.55;1;0.64;;0.64;
2;"m2-2 s51";3;12;0.0519054638;185.47;9.63;1;0.69;;0.69;
2;"m2-2 s51";4;2;0.0723960814;185.47;13.43;1;0.78;;0.78;
2;"m2-2 s51";5;4;0.0626620001;185.47;11.62;2;0.04;0.75;0.04;0.75
2;"m2-2 s51";6;10;0.0529607446;185.47;9.82;1;0.48;;0.48;
2;"m2-2 s51";7;5;0.0593127841;185.47;11.00;1;0.25;;0.25;
2;"m2-2 s51";8;11;0.0524626853;185.47;9.73;1;0.88;;0.88;
2;"m2-2 s51";9;9;0.0532292898;185.47;9.87;1;0.34;;0.34;
2;"m2-2 s51";10;6;0.0579022717;185.47;10.74;1;0.83;;0.83;
2;"m2-2 s51";11;7;0.0573920942;185.47;10.64;2;0.25;0.99;0.25;0.99
2;"m2-2 s51";12;13;0.0514907601;185.47;9.55;1;0.60;;0.6;
2;"m2-2 s51";13;8;0.0533149004;185.47;9.89;1;0.45;;0.45;
2;"m2-2 s51";14;14;0.0464598442;185.47;8.62;1;1.00;;1;
2;"m2-2 s51";15;15;0.0403837517;185.47;7.49;1;0.50;;0.5;
2;"m2-2 s51";16;17;0.0359837820;185.47;6.67;1;0.48;;0.48;
2;"m2-2 s51";17;16;0.0389110819;185.47;7.22;1;0.30;;0.3;
2;"m2-2 s51";18;18;0.0333355963;185.47;6.18;1;0.38;;0.38;
2;"m2-2 s51";19;19;0.0293522324;185.47;5.44;1;0.51;;0.51;
2;"m2-2 s6";1;1;0.0910864989;114.81;10.46;2;0.14;0.80;0.14;0.8
2;"m2-2 s6";2;3;0.0744047220;114.81;8.54;2;0.39;0.99;0.39;0.99
2;"m2-2 s6";3;10;0.0485764590;114.81;5.58;1;0.96;;0.96;
2;"m2-2 s6";4;2;0.0757556578;114.81;8.70;2;0.17;0.96;0.17;0.96
2;"m2-2 s6";5;5;0.0686519963;114.81;7.88;1;0.49;;0.49;
2;"m2-2 s6";6;12;0.0451781937;114.81;5.19;1;0.65;;0.65;
2;"m2-2 s6";7;6;0.0648954465;114.81;7.45;2;0.21;0.95;0.21;0.95
2;"m2-2 s6";8;7;0.0543523909;114.81;6.24;1;0.38;;0.38;
2;"m2-2 s6";9;9;0.0517736970;114.81;5.94;1;0.43;;0.43;
2;"m2-2 s6";10;11;0.0476704033;114.81;5.47;1;0.62;;0.62;
2;"m2-2 s6";11;4;0.0707170955;114.81;8.12;1;0.33;;0.33;
2;"m2-2 s6";12;13;0.0442748075;114.81;5.08;1;0.93;;0.93;
2;"m2-2 s6";13;16;0.0362743921;114.81;4.16;1;0.75;;0.75;
2;"m2-2 s6";14;17;0.0352902919;114.81;4.05;1;0.94;;0.94;
2;"m2-2 s6";15;8;0.0520221796;114.81;5.97;1;1.00;;1;
2;"m2-2 s6";16;15;0.0405247927;114.81;4.65;1;0.94;;0.94;
2;"m2-2 s6";17;14;0.0425039915;114.81;4.88;1;0.95;;0.95;
2;"m2-2 s6";18;18;0.0302988232;114.81;3.48;1;0.72;;0.72;
2;"m2-2 s6";19;19;0.0257481607;114.81;2.96;1;0.84;;0.84;
2;"m2-2 s8";1;1;0.0767137700;170.24;13.06;2;0.46;0.99;0.46;0.99
2;"m2-2 s8";2;2;0.0738251040;170.24;12.57;2;0.33;0.94;0.33;0.94
2;"m2-2 s8";3;5;0.0601552269;170.24;10.24;1;0.79;;0.79;
2;"m2-2 s8";4;4;0.0661181815;170.24;11.26;2;0.29;0.99;0.29;0.99
2;"m2-2 s8";5;3;0.0678496033;170.24;11.55;2;0.35;0.95;0.35;0.95
2;"m2-2 s8";6;10;0.0504993696;170.24;8.60;1;0.37;;0.37;
2;"m2-2 s8";7;7;0.0596842971;170.24;10.16;1;0.59;;0.59;
2;"m2-2 s8";8;8;0.0573665830;170.24;9.77;1;0.33;;0.33;
2;"m2-2 s8";9;9;0.0562522938;170.24;9.58;2;0.21;0.88;0.21;0.88
2;"m2-2 s8";10;11;0.0496296830;170.24;8.45;2;0.09;0.92;0.09;0.92
2;"m2-2 s8";11;6;0.0598515506;170.24;10.19;2;0.26;0.82;0.26;0.82
2;"m2-2 s8";12;14;0.0446169709;170.24;7.60;1;0.60;;0.6;
2;"m2-2 s8";13;16;0.0426584624;170.24;7.26;1;0.98;;0.98;
2;"m2-2 s8";14;13;0.0475087687;170.24;8.09;2;0.13;0.87;0.13;0.87
2;"m2-2 s8";15;15;0.0430088069;170.24;7.32;1;0.98;;0.98;
2;"m2-2 s8";16;18;0.0332744753;170.24;5.66;1;0.71;;0.71;
2;"m2-2 s8";17;12;0.0493392655;170.24;8.40;1;0.83;;0.83;
2;"m2-2 s8";18;17;0.0347284570;170.24;5.91;1;0.87;;0.87;
2;"m2-2 s8";19;19;0.0269191307;170.24;4.58;1;0.85;;0.85;
3;"m3-3 s11";1;2;0.0777358580;197.65;15.36;2;0.20;0.82;0.2;0.82
3;"m3-3 s11";2;1;0.0791973434;197.65;15.65;2;0.37;0.88;0.37;0.88
3;"m3-3 s11";3;4;0.0598517133;197.65;11.83;2;0.29;0.98;0.29;0.98
3;"m3-3 s11";4;5;0.0596261022;197.65;11.79;2;0.20;0.85;0.2;0.85
3;"m3-3 s11";5;3;0.0687049020;197.65;13.58;2;0.13;0.91;0.13;0.91
3;"m3-3 s11";6;6;0.0590523868;197.65;11.67;2;0.30;0.87;0.3;0.87
3;"m3-3 s11";7;8;0.0569423591;197.65;11.25;1;0.55;;0.55;
3;"m3-3 s11";8;10;0.0525652764;197.65;10.39;2;0.29;0.92;0.29;0.92
3;"m3-3 s11";9;9;0.0528191304;197.65;10.44;1;0.46;;0.46;
3;"m3-3 s11";10;11;0.0515566286;197.65;10.19;2;0.20;0.88;0.2;0.88
3;"m3-3 s11";11;7;0.0575629654;197.65;11.38;2;0.21;0.97;0.21;0.97
3;"m3-3 s11";12;16;0.0415267729;197.65;8.21;1;0.82;;0.82;
3;"m3-3 s11";13;15;0.0423796129;197.65;8.38;1;0.23;;0.23;
3;"m3-3 s11";14;14;0.0428007349;197.65;8.46;1;0.90;;0.9;
3;"m3-3 s11";15;17;0.0381399161;197.65;7.54;1;0.87;;0.87;
3;"m3-3 s11";16;18;0.0371798390;197.65;7.35;1;0.58;;0.58;
3;"m3-3 s11";17;12;0.0478791949;197.65;9.46;1;0.84;;0.84;
3;"m3-3 s11";18;13;0.0429353102;197.65;8.49;1;0.27;;0.27;
3;"m3-3 s11";19;19;0.0315439535;197.65;6.23;1;0.41;;0.41;
3;"m3-3 s12";1;1;0.0734447477;183.34;13.47;2;0.22;0.81;0.22;0.81
3;"m3-3 s12";2;2;0.0732949608;183.34;13.44;1;0.37;;0.37;
3;"m3-3 s12";3;9;0.0533980419;183.34;9.79;1;0.69;;0.69;
3;"m3-3 s12";4;5;0.0647149365;183.34;11.86;1;0.51;;0.51;
3;"m3-3 s12";5;3;0.0691960679;183.34;12.69;1;0.41;;0.41;
3;"m3-3 s12";6;6;0.0609682689;183.34;11.18;1;0.84;;0.84;
3;"m3-3 s12";7;4;0.0663922578;183.34;12.17;1;0.29;;0.29;
3;"m3-3 s12";8;7;0.0582740106;183.34;10.68;1;0.43;;0.43;
3;"m3-3 s12";9;10;0.0529333828;183.34;9.70;1;0.88;;0.88;
3;"m3-3 s12";10;11;0.0491719654;183.34;9.01;1;0.44;;0.44;
3;"m3-3 s12";11;8;0.0557293652;183.34;10.22;1;0.97;;0.97;
3;"m3-3 s12";12;13;0.0453208483;183.34;8.31;1;0.84;;0.84;
3;"m3-3 s12";13;12;0.0470673469;183.34;8.63;1;0.42;;0.42;
3;"m3-3 s12";14;14;0.0448083789;183.34;8.21;1;0.40;;0.4;
3;"m3-3 s12";15;16;0.0402519580;183.34;7.38;1;0.88;;0.88;
3;"m3-3 s12";16;18;0.0354784970;183.34;6.50;1;0.37;;0.37;
3;"m3-3 s12";17;15;0.0406829122;183.34;7.46;2;0.09;0.95;0.09;0.95
3;"m3-3 s12";18;17;0.0382830210;183.34;7.02;1;0.71;;0.71;
3;"m3-3 s12";19;19;0.0305890323;183.34;5.61;1;0.97;;0.97;
3;"m3-3 s13";1;3;0.0710626545;140.36;9.97;1;0.63;;0.63;
3;"m3-3 s13";2;2;0.0780371927;140.36;10.95;2;0.24;0.95;0.24;0.95
3;"m3-3 s13";3;8;0.0552835078;140.36;7.76;1;0.28;;0.28;
3;"m3-3 s13";4;4;0.0658664634;140.36;9.25;1;0.84;;0.84;
3;"m3-3 s13";5;1;0.0798893831;140.36;11.21;1;0.43;;0.43;
3;"m3-3 s13";6;6;0.0579724717;140.36;8.14;1;0.98;;0.98;
3;"m3-3 s13";7;5;0.0608369400;140.36;8.54;2;0.37;0.98;0.37;0.98
3;"m3-3 s13";8;11;0.0491248627;140.36;6.90;1;0.52;;0.52;
3;"m3-3 s13";9;10;0.0501490366;140.36;7.04;1;0.40;;0.4;
3;"m3-3 s13";10;7;0.0579331674;140.36;8.13;1;0.96;;0.96;
3;"m3-3 s13";11;9;0.0542133197;140.36;7.61;1;0.70;;0.7;
3;"m3-3 s13";12;12;0.0485341843;140.36;6.81;1;0.36;;0.36;
3;"m3-3 s13";13;13;0.0448113683;140.36;6.29;1;0.46;;0.46;
3;"m3-3 s13";14;15;0.0435655166;140.36;6.11;1;0.90;;0.9;
3;"m3-3 s13";15;14;0.0442371918;140.36;6.21;1;0.95;;0.95;
3;"m3-3 s13";16;18;0.0345736783;140.36;4.85;1;0.61;;0.61;
3;"m3-3 s13";17;16;0.0406539537;140.36;5.71;1;0.80;;0.8;
3;"m3-3 s13";18;17;0.0346618286;140.36;4.87;1;0.89;;0.89;
3;"m3-3 s13";19;19;0.0285932786;140.36;4.01;1;0.66;;0.66;
3;"m3-3 s18";1;1;0.0755108090;206.66;15.60;2;0.33;0.97;0.33;0.97
3;"m3-3 s18";2;2;0.0729327468;206.66;15.07;1;0.65;;0.65;
3;"m3-3 s18";3;8;0.0569661343;206.66;11.77;1;0.38;;0.38;
3;"m3-3 s18";4;5;0.0617228228;206.66;12.76;1;0.67;;0.67;
3;"m3-3 s18";5;3;0.0719980644;206.66;14.88;2;0.12;0.98;0.12;0.98
3;"m3-3 s18";6;12;0.0512148453;206.66;10.58;2;0.24;0.96;0.24;0.96
3;"m3-3 s18";7;6;0.0597951389;206.66;12.36;2;0.21;0.97;0.21;0.97
3;"m3-3 s18";8;4;0.0627628041;206.66;12.97;2;0.16;0.94;0.16;0.94
3;"m3-3 s18";9;10;0.0521627055;206.66;10.78;1;0.38;;0.38;
3;"m3-3 s18";10;11;0.0512899341;206.66;10.60;2;0.09;0.95;0.09;0.95
3;"m3-3 s18";11;7;0.0569903657;206.66;11.78;2;0.34;0.94;0.34;0.94
3;"m3-3 s18";12;16;0.0411977375;206.66;8.51;1;0.32;;0.32;
3;"m3-3 s18";13;14;0.0442566509;206.66;9.15;1;0.74;;0.74;
3;"m3-3 s18";14;13;0.0491351376;206.66;10.15;1;0.97;;0.97;
3;"m3-3 s18";15;15;0.0433629155;206.66;8.96;1;0.95;;0.95;
3;"m3-3 s18";16;17;0.0352413659;206.66;7.28;1;0.60;;0.6;
3;"m3-3 s18";17;9;0.0533772271;206.66;11.03;1;0.95;;0.95;
3;"m3-3 s18";18;18;0.0333121216;206.66;6.88;1;0.33;;0.33;
3;"m3-3 s18";19;19;0.0267704728;206.66;5.53;1;0.78;;0.78;
3;"m3-3 s2";1;3;0.0701375128;160.90;11.29;1;0.69;;0.69;
3;"m3-3 s2";2;1;0.0764653833;160.90;12.30;2;0.09;0.95;0.09;0.95
3;"m3-3 s2";3;7;0.0586737591;160.90;9.44;1;0.60;;0.6;
3;"m3-3 s2";4;4;0.0640848727;160.90;10.31;2;0.15;0.98;0.15;0.98
3;"m3-3 s2";5;2;0.0752184529;160.90;12.10;1;0.65;;0.65;
3;"m3-3 s2";6;8;0.0560656967;160.90;9.02;1;0.76;;0.76;
3;"m3-3 s2";7;5;0.0633686305;160.90;10.20;1;0.77;;0.77;
3;"m3-3 s2";8;11;0.0513932866;160.90;8.27;2;0.15;0.89;0.15;0.89
3;"m3-3 s2";9;10;0.0528152745;160.90;8.50;2;0.41;0.97;0.41;0.97
3;"m3-3 s2";10;9;0.0534965250;160.90;8.61;1;0.82;;0.82;
3;"m3-3 s2";11;6;0.0632566017;160.90;10.18;1;0.51;;0.51;
3;"m3-3 s2";12;15;0.0432503651;160.90;6.96;1;0.47;;0.47;
3;"m3-3 s2";13;12;0.0470560006;160.90;7.57;1;0.64;;0.64;
3;"m3-3 s2";14;13;0.0452077041;160.90;7.27;1;0.98;;0.98;
3;"m3-3 s2";15;16;0.0409859391;160.90;6.59;1;0.79;;0.79;
3;"m3-3 s2";16;18;0.0322868222;160.90;5.19;1;0.66;;0.66;
3;"m3-3 s2";17;14;0.0437816487;160.90;7.04;1;0.97;;0.97;
3;"m3-3 s2";18;17;0.0360218097;160.90;5.80;1;0.52;;0.52;
3;"m3-3 s2";19;19;0.0264337148;160.90;4.25;1;0.66;;0.66;
3;"m3-3 s21";1;1;0.0729441730;200.72;14.64;1;0.67;;0.67;
3;"m3-3 s21";2;2;0.0718383274;200.72;14.42;1;0.85;;0.85;
3;"m3-3 s21";3;8;0.0565109990;200.72;11.34;1;0.95;;0.95;
3;"m3-3 s21";4;5;0.0606622641;200.72;12.18;1;0.71;;0.71;
3;"m3-3 s21";5;4;0.0666301193;200.72;13.37;1;0.49;;0.49;
3;"m3-3 s21";6;6;0.0594071025;200.72;11.92;1;0.17;;0.17;
3;"m3-3 s21";7;3;0.0667265007;200.72;13.39;1;0.76;;0.76;
3;"m3-3 s21";8;11;0.0529467707;200.72;10.63;1;0.34;;0.34;
3;"m3-3 s21";9;10;0.0537914106;200.72;10.80;1;0.58;;0.58;
3;"m3-3 s21";10;15;0.0433456241;200.72;8.70;1;0.96;;0.96;
3;"m3-3 s21";11;7;0.0572267300;200.72;11.49;1;0.72;;0.72;
3;"m3-3 s21";12;12;0.0501511683;200.72;10.07;1;0.99;;0.99;
3;"m3-3 s21";13;9;0.0557556784;200.72;11.19;1;0.56;;0.56;
3;"m3-3 s21";14;13;0.0466281918;200.72;9.36;1;0.95;;0.95;
3;"m3-3 s21";15;14;0.0442669620;200.72;8.89;1;0.46;;0.46;
3;"m3-3 s21";16;18;0.0331382980;200.72;6.65;1;0.88;;0.88;
3;"m3-3 s21";17;16;0.0432245250;200.72;8.68;1;0.93;;0.93;
3;"m3-3 s21";18;17;0.0348178036;200.72;6.99;2;0.36;0.83;0.36;0.83
3;"m3-3 s21";19;19;0.0299873512;200.72;6.02;1;0.98;;0.98;
3;"m3-3 s24";1;1;0.0733863519;166.15;12.19;2;0.11;0.95;0.11;0.95
3;"m3-3 s24";2;2;0.0713048160;166.15;11.85;2;0.28;0.77;0.28;0.77
3;"m3-3 s24";3;9;0.0562229902;166.15;9.34;2;0.08;0.86;0.08;0.86
3;"m3-3 s24";4;5;0.0641111524;166.15;10.65;2;0.30;0.85;0.3;0.85
3;"m3-3 s24";5;3;0.0656357770;166.15;10.91;2;0.43;0.92;0.43;0.92
3;"m3-3 s24";6;7;0.0582357852;166.15;9.68;1;0.70;;0.7;
3;"m3-3 s24";7;6;0.0633448001;166.15;10.52;1;0.23;;0.23;
3;"m3-3 s24";8;8;0.0569584066;166.15;9.46;1;0.98;;0.98;
3;"m3-3 s24";9;10;0.0539605664;166.15;8.97;2;0.31;0.95;0.31;0.95
3;"m3-3 s24";10;11;0.0517301449;166.15;8.60;2;0.29;0.86;0.29;0.86
3;"m3-3 s24";11;4;0.0652988845;166.15;10.85;1;0.79;;0.79;
3;"m3-3 s24";12;12;0.0450782032;166.15;7.49;1;0.54;;0.54;
3;"m3-3 s24";13;13;0.0450123638;166.15;7.48;1;0.93;;0.93;
3;"m3-3 s24";14;14;0.0443068167;166.15;7.36;2;0.20;0.95;0.2;0.95
3;"m3-3 s24";15;15;0.0439607299;166.15;7.30;1;0.91;;0.91;
3;"m3-3 s24";16;18;0.0351366836;166.15;5.84;1;0.39;;0.39;
3;"m3-3 s24";17;16;0.0405959741;166.15;6.75;1;0.78;;0.78;
3;"m3-3 s24";18;17;0.0374190619;166.15;6.22;1;0.93;;0.93;
3;"m3-3 s24";19;19;0.0283004915;166.15;4.70;1;0.91;;0.91;
3;"m3-3 s25";1;2;0.0747401188;140.58;10.51;1;0.74;;0.74;
3;"m3-3 s25";2;1;0.0785388354;140.58;11.04;2;0.40;0.81;0.4;0.81
3;"m3-3 s25";3;8;0.0590533911;140.58;8.30;1;0.99;;0.99;
3;"m3-3 s25";4;5;0.0613665080;140.58;8.63;2;0.40;0.73;0.4;0.73
3;"m3-3 s25";5;4;0.0616331113;140.58;8.66;1;0.56;;0.56;
3;"m3-3 s25";6;10;0.0515035600;140.58;7.24;1;0.66;;0.66;
3;"m3-3 s25";7;6;0.0602892390;140.58;8.48;1;0.57;;0.57;
3;"m3-3 s25";8;7;0.0591624035;140.58;8.32;1;0.34;;0.34;
3;"m3-3 s25";9;11;0.0501655585;140.58;7.05;1;0.93;;0.93;
3;"m3-3 s25";10;9;0.0550415100;140.58;7.74;1;0.92;;0.92;
3;"m3-3 s25";11;3;0.0656026139;140.58;9.22;2;0.26;0.71;0.26;0.71
3;"m3-3 s25";12;12;0.0458210989;140.58;6.44;1;0.99;;0.99;
3;"m3-3 s25";13;14;0.0438005553;140.58;6.16;1;0.62;;0.62;
3;"m3-3 s25";14;15;0.0434211696;140.58;6.10;1;0.96;;0.96;
3;"m3-3 s25";15;16;0.0423226205;140.58;5.95;1;0.12;;0.12;
3;"m3-3 s25";16;17;0.0353636703;140.58;4.97;1;0.95;;0.95;
3;"m3-3 s25";17;13;0.0456576145;140.58;6.42;1;0.66;;0.66;
3;"m3-3 s25";18;18;0.0343463354;140.58;4.83;1;0.72;;0.72;
3;"m3-3 s25";19;19;0.0321700858;140.58;4.52;1;0.95;;0.95;
3;"m3-3 s26";1;1;0.0730840161;122.71;8.97;1;0.81;;0.81;
3;"m3-3 s26";2;2;0.0729722577;122.71;8.95;1;0.48;;0.48;
3;"m3-3 s26";3;7;0.0563327371;122.71;6.91;1;0.32;;0.32;
3;"m3-3 s26";4;3;0.0704262308;122.71;8.64;1;0.72;;0.72;
3;"m3-3 s26";5;4;0.0633638539;122.71;7.78;1;0.87;;0.87;
3;"m3-3 s26";6;10;0.0537871655;122.71;6.60;1;0.86;;0.86;
3;"m3-3 s26";7;5;0.0619513213;122.71;7.60;1;0.98;;0.98;
3;"m3-3 s26";8;11;0.0508954433;122.71;6.25;1;0.14;;0.14;
3;"m3-3 s26";9;8;0.0548132723;122.71;6.73;1;0.96;;0.96;
3;"m3-3 s26";10;9;0.0546567506;122.71;6.71;1;0.96;;0.96;
3;"m3-3 s26";11;6;0.0585763097;122.71;7.19;1;0.37;;0.37;
3;"m3-3 s26";12;12;0.0481472729;122.71;5.91;1;0.97;;0.97;
3;"m3-3 s26";13;13;0.0471347474;122.71;5.78;1;0.15;;0.15;
3;"m3-3 s26";14;16;0.0417462105;122.71;5.12;1;0.31;;0.31;
3;"m3-3 s26";15;15;0.0436463903;122.71;5.36;1;0.82;;0.82;
3;"m3-3 s26";16;17;0.0385699211;122.71;4.73;1;0.93;;0.93;
3;"m3-3 s26";17;14;0.0450777727;122.71;5.53;1;0.64;;0.64;
3;"m3-3 s26";18;18;0.0341774927;122.71;4.19;1;0.23;;0.23;
3;"m3-3 s26";19;19;0.0306408341;122.71;3.76;1;0.95;;0.95;
3;"m3-3 s28";1;3;0.0676287179;167.20;11.31;2;0.20;0.95;0.2;0.95
3;"m3-3 s28";2;1;0.0761972278;167.20;12.74;2;0.36;0.98;0.36;0.98
3;"m3-3 s28";3;12;0.0508830614;167.20;8.51;1;0.72;;0.72;
3;"m3-3 s28";4;5;0.0637989785;167.20;10.67;1;0.32;;0.32;
3;"m3-3 s28";5;4;0.0641407806;167.20;10.72;1;0.50;;0.5;
3;"m3-3 s28";6;7;0.0578724076;167.20;9.68;1;0.63;;0.63;
3;"m3-3 s28";7;2;0.0701006820;167.20;11.72;2;0.32;0.93;0.32;0.93
3;"m3-3 s28";8;8;0.0559559101;167.20;9.36;1;0.44;;0.44;
3;"m3-3 s28";9;9;0.0536444593;167.20;8.97;1;0.39;;0.39;
3;"m3-3 s28";10;10;0.0521879624;167.20;8.73;1;0.92;;0.92;
3;"m3-3 s28";11;6;0.0591154023;167.20;9.88;2;0.18;0.97;0.18;0.97
3;"m3-3 s28";12;11;0.0516962066;167.20;8.64;1;0.84;;0.84;
3;"m3-3 s28";13;15;0.0426830962;167.20;7.14;1;0.78;;0.78;
3;"m3-3 s28";14;13;0.0478786976;167.20;8.01;1;0.96;;0.96;
3;"m3-3 s28";15;14;0.0442477095;167.20;7.40;1;0.25;;0.25;
3;"m3-3 s28";16;17;0.0371346462;167.20;6.21;1;0.75;;0.75;
3;"m3-3 s28";17;16;0.0423986271;167.20;7.09;1;0.73;;0.73;
3;"m3-3 s28";18;18;0.0322177375;167.20;5.39;1;0.66;;0.66;
3;"m3-3 s28";19;19;0.0302176894;167.20;5.05;1;0.96;;0.96;
3;"m3-3 s31";1;1;0.0713780539;175.19;12.51;2;0.35;0.83;0.35;0.83
3;"m3-3 s31";2;2;0.0706526119;175.19;12.38;2;0.10;0.74;0.1;0.74
3;"m3-3 s31";3;8;0.0587884276;175.19;10.30;1;0.80;;0.8;
3;"m3-3 s31";4;5;0.0624767676;175.19;10.95;2;0.21;0.97;0.21;0.97
3;"m3-3 s31";5;4;0.0655808414;175.19;11.49;2;0.19;0.89;0.19;0.89
3;"m3-3 s31";6;3;0.0677844294;175.19;11.88;1;0.42;;0.42;
3;"m3-3 s31";7;7;0.0607986118;175.19;10.65;2;0.45;0.93;0.45;0.93
3;"m3-3 s31";8;9;0.0579901380;175.19;10.16;2;0.43;0.91;0.43;0.91
3;"m3-3 s31";9;11;0.0526149224;175.19;9.22;2;0.44;0.93;0.44;0.93
3;"m3-3 s31";10;10;0.0527052826;175.19;9.23;1;0.54;;0.54;
3;"m3-3 s31";11;6;0.0611101572;175.19;10.71;1;0.47;;0.47;
3;"m3-3 s31";12;12;0.0494252173;175.19;8.66;1;0.69;;0.69;
3;"m3-3 s31";13;13;0.0453209397;175.19;7.94;1;0.78;;0.78;
3;"m3-3 s31";14;14;0.0430290598;175.19;7.54;1;0.80;;0.8;
3;"m3-3 s31";15;15;0.0419353615;175.19;7.35;1;0.72;;0.72;
3;"m3-3 s31";16;18;0.0346820897;175.19;6.08;1;0.99;;0.99;
3;"m3-3 s31";17;16;0.0400748908;175.19;7.02;1;0.87;;0.87;
3;"m3-3 s31";18;17;0.0355307485;175.19;6.22;1;1.00;;1;
3;"m3-3 s31";19;19;0.0281214488;175.19;4.93;1;0.91;;0.91;
3;"m3-3 s32";1;1;0.0781141103;178.64;13.95;2;0.15;0.77;0.15;0.77
3;"m3-3 s32";2;2;0.0725880673;178.64;12.97;2;0.41;0.86;0.41;0.86
3;"m3-3 s32";3;5;0.0616069666;178.64;11.01;1;0.98;;0.98;
3;"m3-3 s32";4;4;0.0647016500;178.64;11.56;2;0.09;0.96;0.09;0.96
3;"m3-3 s32";5;3;0.0702919586;178.64;12.56;1;0.60;;0.6;
3;"m3-3 s32";6;10;0.0541110752;178.64;9.67;1;0.80;;0.8;
3;"m3-3 s32";7;9;0.0542259615;178.64;9.69;1;0.43;;0.43;
3;"m3-3 s32";8;8;0.0552555598;178.64;9.87;1;0.35;;0.35;
3;"m3-3 s32";9;7;0.0561343949;178.64;10.03;1;0.32;;0.32;
3;"m3-3 s32";10;11;0.0532756050;178.64;9.52;1;0.65;;0.65;
3;"m3-3 s32";11;6;0.0611009200;178.64;10.92;2;0.12;0.86;0.12;0.86
3;"m3-3 s32";12;12;0.0446517243;178.64;7.98;1;0.46;;0.46;
3;"m3-3 s32";13;16;0.0405545625;178.64;7.24;1;0.80;;0.8;
3;"m3-3 s32";14;14;0.0436692708;178.64;7.80;1;0.47;;0.47;
3;"m3-3 s32";15;15;0.0406534717;178.64;7.26;1;0.86;;0.86;
3;"m3-3 s32";16;17;0.0393402007;178.64;7.03;1;0.36;;0.36;
3;"m3-3 s32";17;13;0.0438460905;178.64;7.83;1;0.98;;0.98;
3;"m3-3 s32";18;18;0.0384990385;178.64;6.88;1;0.83;;0.83;
3;"m3-3 s32";19;19;0.0273793719;178.64;4.89;1;0.54;;0.54;
3;"m3-3 s34";1;2;0.0720774534;197.45;14.23;2;0.28;0.89;0.28;0.89
3;"m3-3 s34";2;1;0.0751455539;197.45;14.84;1;0.59;;0.59;
3;"m3-3 s34";3;8;0.0579558444;197.45;11.44;1;0.80;;0.8;
3;"m3-3 s34";4;4;0.0631688688;197.45;12.47;1;0.56;;0.56;
3;"m3-3 s34";5;3;0.0654271495;197.45;12.92;1;0.94;;0.94;
3;"m3-3 s34";6;9;0.0549361879;197.45;10.85;2;0.29;0.95;0.29;0.95
3;"m3-3 s34";7;7;0.0592303531;197.45;11.69;1;0.74;;0.74;
3;"m3-3 s34";8;6;0.0598233392;197.45;11.81;1;0.79;;0.79;
3;"m3-3 s34";9;11;0.0516313813;197.45;10.19;1;0.30;;0.3;
3;"m3-3 s34";10;10;0.0517756299;197.45;10.22;1;0.73;;0.73;
3;"m3-3 s34";11;5;0.0601192582;197.45;11.87;1;0.43;;0.43;
3;"m3-3 s34";12;12;0.0503508737;197.45;9.94;1;0.29;;0.29;
3;"m3-3 s34";13;13;0.0461387286;197.45;9.11;1;0.41;;0.41;
3;"m3-3 s34";14;14;0.0458650185;197.45;9.06;1;0.46;;0.46;
3;"m3-3 s34";15;16;0.0403124495;197.45;7.96;1;0.90;;0.9;
3;"m3-3 s34";16;17;0.0387642064;197.45;7.65;1;0.96;;0.96;
3;"m3-3 s34";17;15;0.0423195522;197.45;8.36;2;0.15;0.78;0.15;0.78
3;"m3-3 s34";18;18;0.0362431463;197.45;7.16;1;0.92;;0.92;
3;"m3-3 s34";19;19;0.0287150052;197.45;5.67;1;0.96;;0.96;
3;"m3-3 s37";1;1;0.0727062579;152.56;11.09;2;0.26;0.98;0.26;0.98
3;"m3-3 s37";2;2;0.0722527113;152.56;11.02;1;0.56;;0.56;
3;"m3-3 s37";3;7;0.0570601593;152.56;8.71;1;0.70;;0.7;
3;"m3-3 s37";4;3;0.0699851664;152.56;10.68;1;0.32;;0.32;
3;"m3-3 s37";5;4;0.0653640380;152.56;9.97;1;0.31;;0.31;
3;"m3-3 s37";6;9;0.0541390644;152.56;8.26;1;0.68;;0.68;
3;"m3-3 s37";7;5;0.0594333508;152.56;9.07;2;0.23;0.96;0.23;0.96
3;"m3-3 s37";8;10;0.0531199420;152.56;8.10;1;0.49;;0.49;
3;"m3-3 s37";9;8;0.0549349343;152.56;8.38;1;0.85;;0.85;
3;"m3-3 s37";10;11;0.0514459932;152.56;7.85;1;0.83;;0.83;
3;"m3-3 s37";11;6;0.0577585753;152.56;8.81;1;0.73;;0.73;
3;"m3-3 s37";12;12;0.0495138554;152.56;7.55;1;0.34;;0.34;
3;"m3-3 s37";13;13;0.0491214868;152.56;7.49;1;0.72;;0.72;
3;"m3-3 s37";14;14;0.0467179103;152.56;7.13;1;0.97;;0.97;
3;"m3-3 s37";15;15;0.0429840371;152.56;6.56;1;0.36;;0.36;
3;"m3-3 s37";16;18;0.0352192623;152.56;5.37;1;0.63;;0.63;
3;"m3-3 s37";17;16;0.0414057738;152.56;6.32;1;0.88;;0.88;
3;"m3-3 s37";18;17;0.0386266850;152.56;5.89;1;0.82;;0.82;
3;"m3-3 s37";19;19;0.0282107963;152.56;4.30;1;0.76;;0.76;
3;"m3-3 s38";1;3;0.0685976581;180.07;12.35;1;0.30;;0.3;
3;"m3-3 s38";2;1;0.0737284068;180.07;13.28;1;0.64;;0.64;
3;"m3-3 s38";3;2;0.0719140609;180.07;12.95;1;0.32;;0.32;
3;"m3-3 s38";4;6;0.0601482815;180.07;10.83;1;0.59;;0.59;
3;"m3-3 s38";5;4;0.0647736342;180.07;11.66;2;0.25;0.83;0.25;0.83
3;"m3-3 s38";6;9;0.0553614875;180.07;9.97;1;0.86;;0.86;
3;"m3-3 s38";7;7;0.0599944996;180.07;10.80;2;0.32;0.97;0.32;0.97
3;"m3-3 s38";8;12;0.0506296125;180.07;9.12;1;0.32;;0.32;
3;"m3-3 s38";9;10;0.0545737666;180.07;9.83;1;0.66;;0.66;
3;"m3-3 s38";10;8;0.0568214888;180.07;10.23;1;0.94;;0.94;
3;"m3-3 s38";11;5;0.0622722300;180.07;11.21;1;0.99;;0.99;
3;"m3-3 s38";12;11;0.0506681133;180.07;9.12;1;0.94;;0.94;
3;"m3-3 s38";13;14;0.0448302536;180.07;8.07;2;0.11;0.96;0.11;0.96
3;"m3-3 s38";14;13;0.0456093931;180.07;8.21;1;0.96;;0.96;
3;"m3-3 s38";15;15;0.0421034025;180.07;7.58;1;0.85;;0.85;
3;"m3-3 s38";16;18;0.0344171552;180.07;6.20;1;0.75;;0.75;
3;"m3-3 s38";17;16;0.0409862922;180.07;7.38;1;0.79;;0.79;
3;"m3-3 s38";18;17;0.0344772690;180.07;6.21;1;0.96;;0.96;
3;"m3-3 s38";19;19;0.0280929947;180.07;5.06;1;0.40;;0.4;
3;"m3-3 s4";1;2;0.0687251654;167.58;11.52;1;0.64;;0.64;
3;"m3-3 s4";2;1;0.0713003241;167.58;11.95;1;0.35;;0.35;
3;"m3-3 s4";3;7;0.0592108274;167.58;9.92;1;0.98;;0.98;
3;"m3-3 s4";4;4;0.0658225751;167.58;11.03;1;0.36;;0.36;
3;"m3-3 s4";5;3;0.0684988381;167.58;11.48;1;0.55;;0.55;
3;"m3-3 s4";6;8;0.0574506756;167.58;9.63;1;0.60;;0.6;
3;"m3-3 s4";7;5;0.0640620804;167.58;10.74;1;0.81;;0.81;
3;"m3-3 s4";8;9;0.0534970637;167.58;8.97;1;0.73;;0.73;
3;"m3-3 s4";9;10;0.0532721462;167.58;8.93;1;0.65;;0.65;
3;"m3-3 s4";10;11;0.0501256064;167.58;8.40;1;0.90;;0.9;
3;"m3-3 s4";11;6;0.0599798258;167.58;10.05;1;0.62;;0.62;
3;"m3-3 s4";12;14;0.0465436438;167.58;7.80;1;0.51;;0.51;
3;"m3-3 s4";13;16;0.0426375835;167.58;7.15;1;0.90;;0.9;
3;"m3-3 s4";14;12;0.0483094443;167.58;8.10;1;0.83;;0.83;
3;"m3-3 s4";15;15;0.0427431553;167.58;7.16;1;0.50;;0.5;
3;"m3-3 s4";16;18;0.0369007965;167.58;6.18;1;0.31;;0.31;
3;"m3-3 s4";17;13;0.0465489685;167.58;7.80;1;0.77;;0.77;
3;"m3-3 s4";18;17;0.0376720810;167.58;6.31;1;0.95;;0.95;
3;"m3-3 s4";19;19;0.0266991990;167.58;4.47;1;0.67;;0.67;
3;"m3-3 s5";1;1;0.0777122134;170.30;13.23;1;0.51;;0.51;
3;"m3-3 s5";2;2;0.0772944947;170.30;13.16;1;0.59;;0.59;
3;"m3-3 s5";3;3;0.0655819678;170.30;11.17;1;0.12;;0.12;
3;"m3-3 s5";4;5;0.0617899180;170.30;10.52;1;0.57;;0.57;
3;"m3-3 s5";5;4;0.0623028408;170.30;10.61;1;0.69;;0.69;
3;"m3-3 s5";6;9;0.0535597113;170.30;9.12;1;0.97;;0.97;
3;"m3-3 s5";7;8;0.0562295305;170.30;9.58;2;0.52;0.90;0.52;0.9
3;"m3-3 s5";8;10;0.0524884618;170.30;8.94;1;0.26;;0.26;
3;"m3-3 s5";9;11;0.0512827718;170.30;8.73;1;0.97;;0.97;
3;"m3-3 s5";10;7;0.0563598842;170.30;9.60;1;0.68;;0.68;
3;"m3-3 s5";11;6;0.0569026514;170.30;9.69;1;0.80;;0.8;
3;"m3-3 s5";12;12;0.0471682730;170.30;8.03;1;0.65;;0.65;
3;"m3-3 s5";13;13;0.0466116897;170.30;7.94;0;;;;
3;"m3-3 s5";14;14;0.0440947951;170.30;7.51;1;0.75;;0.75;
3;"m3-3 s5";15;15;0.0431701056;170.30;7.35;1;0.97;;0.97;
3;"m3-3 s5";16;18;0.0363534969;170.30;6.19;1;0.97;;0.97;
3;"m3-3 s5";17;16;0.0414602756;170.30;7.06;1;0.94;;0.94;
3;"m3-3 s5";18;17;0.0369192192;170.30;6.29;1;0.77;;0.77;
3;"m3-3 s5";19;19;0.0327176992;170.30;5.57;1;0.94;;0.94;
3;"m3-3 s8";1;1;0.0864306864;183.69;15.88;2;0.06;0.76;0.06;0.76
3;"m3-3 s8";2;2;0.0718847526;183.69;13.20;2;0.33;0.80;0.33;0.8
3;"m3-3 s8";3;8;0.0546464873;183.69;10.04;2;0.15;0.99;0.15;0.99
3;"m3-3 s8";4;7;0.0598772172;183.69;11.00;2;0.17;0.90;0.17;0.9
3;"m3-3 s8";5;5;0.0634332014;183.69;11.65;1;0.73;;0.73;
3;"m3-3 s8";6;9;0.0540779957;183.69;9.93;1;0.96;;0.96;
3;"m3-3 s8";7;3;0.0694056315;183.69;12.75;2;0.51;0.93;0.51;0.93
3;"m3-3 s8";8;4;0.0670113288;183.69;12.31;1;0.68;;0.68;
3;"m3-3 s8";9;10;0.0493271761;183.69;9.06;1;0.57;;0.57;
3;"m3-3 s8";10;11;0.0492336325;183.69;9.04;2;0.35;0.96;0.35;0.96
3;"m3-3 s8";11;6;0.0604718670;183.69;11.11;1;0.55;;0.55;
3;"m3-3 s8";12;12;0.0457555752;183.69;8.40;1;0.91;;0.91;
3;"m3-3 s8";13;15;0.0416345929;183.69;7.65;1;0.61;;0.61;
3;"m3-3 s8";14;14;0.0422980186;183.69;7.77;2;0.12;0.98;0.12;0.98
3;"m3-3 s8";15;16;0.0399262240;183.69;7.33;1;0.98;;0.98;
3;"m3-3 s8";16;17;0.0377167489;183.69;6.93;1;0.92;;0.92;
3;"m3-3 s8";17;13;0.0426960132;183.69;7.84;1;0.77;;0.77;
3;"m3-3 s8";18;18;0.0366074445;183.69;6.72;1;0.90;;0.9;
3;"m3-3 s8";19;19;0.0275654062;183.69;5.06;1;0.82;;0.82;
